geo_region,education_grouped,age_group,family_income_grouped,year,weight,time_at_curr_address_-1,time_at_curr_address_1,time_at_curr_address_2,time_at_curr_address_3,time_at_curr_address_4,curr_student_-1,curr_student_1,curr_student_2,lease_type_1,lease_type_2,lease_type_3,marital_status_1,marital_status_2,marital_status_3,marital_status_4,marital_status_5,marital_status_6,job_industry_code_-1,job_industry_code_1,job_industry_code_2,job_industry_code_3,job_industry_code_4,job_industry_code_5,job_industry_code_6,job_industry_code_7,job_industry_code_8,job_industry_code_9,job_industry_code_10,job_industry_code_11,job_industry_code_12,job_industry_code_13,job_industry_code_14,job_industry_code_15,job_industry_code_16,job_industry_code_17,job_industry_code_18,job_industry_code_19,job_industry_code_20,job_industry_code_21,job_industry_code_22,job_industry_code_23,GED_or_HS_-1,GED_or_HS_1,GED_or_HS_2,sex_1,sex_2,race_grouped_PI_only,race_grouped_american_indian_only,race_grouped_asian_only,race_grouped_black_only,race_grouped_multiracial,race_grouped_white_only,did_vote_1
0,associates,18-24,high_income,14,1216753555,0.0,0.03357028284992354,0.10807025996320184,0.051699994416700104,0.8066594627701745,0.0,0.17112136730103902,0.828878632698961,0.9255810820293844,0.07441891797061567,0.0,0.0,0.0,0.0,0.028749074828057518,0.0,0.9712509251719424,0.23806926210295723,0.003668124889924813,0.0,0.030367474044487176,0.0,0.0,0.0,0.0,0.025555636860251457,0.0,0.0,0.007843730524378867,0.026487364567428777,0.1018868960691058,0.0,0.060191604700098864,0.16236172821373018,0.12445074384845335,0.0,0.03703949975309503,0.14430094597093657,0.006127397753935471,0.0316495907012164,0.0,1.0,0.0,0.0,0.5907271879719308,0.40927281202806925,0.0,0.013051431766722884,0.11945644818765293,0.0,0.07520898264398332,0.7922831374016409,0.3300801845612853
0,associates,18-24,low_income,14,2258803297,0.0,0.5315600661618832,0.2630944800679561,0.05594847464931781,0.14939697912084285,0.0,0.17232964885299618,0.8276703511470038,0.1501699698466484,0.8305609277672309,0.019269102386120698,0.07220526117374443,0.0,0.0,0.0,0.0,0.9277947388262556,0.24724939163217452,0.022500801228465712,0.023807689262461705,0.0,0.016603839320498387,0.0,0.013581331778975175,0.0,0.00913792406245102,0.01861156748612626,0.04360203791574331,0.028910381920697188,0.018128173911550652,0.15104193731836935,0.0060488193098294386,0.07683740289847824,0.2379149821118753,0.021779785811955985,0.00531283800406105,0.0,0.007468983696989884,0.032852253712643664,0.018609858616653152,0.0,1.0,0.0,0.0,0.3464827127884257,0.6535172872115743,0.0,0.014052614073194351,0.015410599517997782,0.21378200688893362,0.010388759406879864,0.7463660201129944,0.2159660841862141
0,associates,18-24,lower_middle_class,14,2938295706,0.015718116425685578,0.3175611090111296,0.19622061653722472,0.1211007021088435,0.3493994559171166,0.0,0.06735980847531484,0.9326401915246851,0.413693455535411,0.5623225220749787,0.023984022389610365,0.14121706101693496,0.03947075706613717,0.0,0.001357032919408963,0.02293680682389426,0.7950183421736247,0.20269776686662727,0.01965145062904707,0.04225585455761477,0.0,0.0,0.0,0.0,0.0,0.03982446142539474,0.018035168105030745,0.019324901807551427,0.11160301610569076,0.03709251617440849,0.10804841845962253,0.001357032919408963,0.05229421112593764,0.09647362565352366,0.08282683955295546,0.0058957234850888765,0.07455490730652825,0.029567223551597157,0.04759494414208561,0.01090193813188658,0.0,1.0,0.0,0.0,0.48380508200626965,0.5161949179937303,0.007154421849738768,0.0,0.05025937236284413,0.19689379520877945,0.07086641877970332,0.6748259917989343,0.2633315538732234
0,associates,18-24,middle_class,14,4082663531,0.018816408556985246,0.25082423011949156,0.10800407005178699,0.16594866093068691,0.4564066303410493,0.0,0.12998883424273056,0.8700111657572694,0.6950039486366872,0.28404926910936273,0.020946782253950087,0.14067089012827103,0.016036695775408,0.0,0.0,0.016977708663398546,0.8263147054329224,0.18738832680943748,0.031621225707125264,0.0029193576471585065,0.046244025148395214,0.0,0.0012960193657457686,0.0018549865651419511,0.0,0.03414070151547838,0.017112916229686723,0.07358228536810568,0.1008193530705139,0.016571435163903542,0.04788300248492851,0.0,0.05663372115883532,0.10550623207847201,0.10433143161706215,0.0009017399969520045,0.00838210612756959,0.06127296974157629,0.057019891115783455,0.04451827308812826,0.0,1.0,0.0,0.0,0.38326051709109116,0.6167394829089089,0.0,0.008873859607805137,0.04114032927882736,0.1073609494566012,0.05088688999779345,0.7917379716589729,0.3297032333865379
0,associates,18-24,upper_middle_class,14,3058452326,0.0,0.0920244427573268,0.14240042726760488,0.11715807761784938,0.6484170523572189,0.0,0.16576621341783832,0.8342337865821617,0.8383971642133093,0.1553749208252331,0.006227914961457535,0.09542525790542598,0.00219715440481906,0.0,0.0,0.007159058787303785,0.8952185289024511,0.22708478111487818,0.020612846394258297,0.020871653436392325,0.01600588787467665,0.009758605274398513,0.0,0.006250942621362933,0.0,0.008312664475385385,0.01927190510668761,0.07903205125846385,0.11997322269197927,0.0,0.07206751471201452,0.030316906106974576,0.03512309905464258,0.13910162711491617,0.0740000287321791,0.007200343393549434,0.016728886556461563,0.020068047318648967,0.04629343959242738,0.03192554716970272,0.0,1.0,0.0,0.0,0.4359872395800751,0.5640127604199249,0.0,0.006617742192003028,0.013393559759544867,0.06471255717065573,0.02991879364020533,0.8853573472375911,0.4123501750473256
0,associates,25-34,high_income,14,1751883342,0.0,0.16160565501855204,0.35708712732311604,0.10122196138788332,0.38008525627044865,0.0,0.043117322477514604,0.9568826775224853,0.7591507460089771,0.2408492539910229,0.0,0.46249894246668394,0.0,0.016915326089104395,0.019941875787297714,0.0,0.5006438556569139,0.0467153474423527,0.11654854127838382,0.02032975435415722,0.022922759773578577,0.0,0.0,0.0,0.0,0.0,0.013499276711542588,0.10073401679733536,0.021195084803768856,0.05415300478380826,0.04138260708457607,0.02857148521251251,0.04563966223271504,0.15543978498540914,0.115459096590919,0.0,0.09313869770216697,0.08916575964565568,0.0,0.0351051206011182,0.0,1.0,0.0,0.0,0.5732241467936738,0.4267758532063261,0.0,0.006834530423887095,0.1058497073145867,0.11444950710650686,0.06750009213798439,0.7053661630170349,0.37366509247851504
0,associates,25-34,low_income,14,3810053463,0.030157150579595424,0.3678358833045068,0.27694274115754053,0.13967410567015448,0.18539011928820276,0.0,0.058634160693403374,0.9413658393065967,0.2237018680385903,0.7195390234344331,0.0567591085269766,0.20705539349015692,0.009866238981959399,0.0,0.07950728459371227,0.05801857983009621,0.6455525031040752,0.2163560076007259,0.014394618745537534,0.028272047373105326,0.027646924648941598,0.012714363583196785,0.01513472568298184,0.0,0.0,0.03242490589691759,0.01703724439312415,0.05931667316343902,0.06996936252702657,0.013917777930141343,0.07023949784402277,0.051783863117933364,0.03892222837294081,0.08936597381284568,0.09278700192349505,0.0,0.036448084613137095,0.005418689580209704,0.08102922439227725,0.026820784798000614,0.0,1.0,0.0,0.0,0.3297985902829312,0.6702014097170689,0.006713800803167365,0.03284506194342607,0.017675385307316355,0.3044052676066084,0.024429658245979317,0.6139308260935025,0.3091569151033721
0,associates,25-34,lower_middle_class,14,8657903587,0.02630474729956126,0.2783737195478659,0.296673746385529,0.17300533794913925,0.22564244881790457,0.0,0.04197172033026937,0.9580282796697306,0.35614124216280674,0.6271349771268826,0.01672378071031065,0.3619240859536728,0.01200983990583216,0.0,0.06334266390116132,0.028016414777846846,0.5347069954614869,0.14918985884059371,0.06008473757793995,0.025737980419947588,0.02359006484048527,0.0022297967176473713,0.0,0.006892957561875423,0.001775390063603858,0.02354235248196233,0.017476373059546753,0.09333009450616789,0.06802887374310512,0.011068381512574124,0.05661441653565967,0.031069152052455168,0.04299202852742509,0.07218905532032693,0.1449610686222579,0.0032256925385417785,0.03567025711209274,0.045361876238689515,0.06834517560215007,0.016624416124951705,0.0,1.0,0.0,0.0,0.38366677910200664,0.6163332208979934,0.0019037959748996684,0.016048644294056634,0.013686943012154843,0.18829769234758748,0.007989886732380403,0.772073037638921,0.3057724357170068
0,associates,25-34,middle_class,14,12483279247,0.015924701439950093,0.21951774576047822,0.27500623578736483,0.21140118167541622,0.27815013533679067,0.0,0.015135830518684222,0.9848641694813158,0.5896871409625049,0.3996521578413746,0.010660701196120571,0.5216287461938245,0.005965955221092876,0.0034268488394410103,0.052888895052048655,0.0309794708063539,0.38511008388723905,0.1258384351513658,0.07632640695985225,0.019320075857308106,0.021490998454150017,0.01773403339136246,0.002953011646267469,0.009788111567668754,0.0008343448699589921,0.030074713989132633,0.013860144724518634,0.12630344237303753,0.03621768575822359,0.01958984391531332,0.03412977980945106,0.007292476535913224,0.051424542325629194,0.08341723896389258,0.1346806692964144,0.000712249387686873,0.047679973284506946,0.04862450490690365,0.0561921166001775,0.035515200231265004,0.0,1.0,0.0,0.0,0.44961434339048717,0.5503856566095129,0.0032963577266677804,0.006002512121805457,0.03668668624152264,0.11137859639999127,0.022232101398091876,0.820403746111921,0.37794915764091774
0,associates,25-34,upper_middle_class,14,8655790451,0.016463613439664126,0.14269176974557052,0.23039925796373695,0.19754422090965196,0.41290113794137645,0.0,0.03548277384239555,0.9645172261576045,0.7787762325301236,0.20977084106630944,0.011452926403566883,0.5903573920749945,0.004485974241152525,0.0,0.04081039392066031,0.013644995759613728,0.350701244003579,0.08958253002883376,0.06359603494518562,0.028898855213286865,0.017258477991775035,0.025121696999362814,0.0,0.00038442554944425375,0.0,0.011831130684103942,0.017563717358989008,0.18576739098556072,0.028907380488987302,0.03946691812075154,0.03109048832956781,0.01085035590125101,0.04483949215234993,0.08352479927659007,0.13527537590339014,0.00827236973969577,0.057287753534134164,0.05577858691625574,0.033006802396307225,0.031695417484177264,0.0,1.0,0.0,0.0,0.47887110489384926,0.5211288951061507,0.0,0.007125574879515992,0.026911170541690833,0.060003058292613466,0.01384714563950111,0.8921130506466786,0.4290613735422556
0,associates,35-44,high_income,14,2408834731,0.013770258114067353,0.13965986776533237,0.10122959656047902,0.1862514772085458,0.5590888003515755,0.0,0.013842005252953985,0.986157994747046,0.8730393646088624,0.12696063539113758,0.0,0.9193263591316095,0.0,0.0,0.0355633277358288,0.010728637239995025,0.03438167589256666,0.14433721356037688,0.13920864959498128,0.012740762413060708,0.052669185381319546,0.0,0.0,0.0,0.0037925233651075253,0.017276827448732098,0.009107733178063349,0.15838736551328808,0.007766744127038244,0.03081785439434533,0.0,0.001221332025040451,0.04988139180063989,0.15193538489378414,0.12409547826301247,0.0,0.020778242423971426,0.04416514202111112,0.021549358422962725,0.010268811173164706,0.0,1.0,0.0,0.0,0.41832040780219054,0.5816795921978094,0.017693921235644953,0.019041747617512244,0.03453987977226654,0.07723179660514451,0.007437322191283201,0.8440553325781486,0.5994075427501796
0,associates,35-44,low_income,14,3093436851,0.013319935070496126,0.2097880600957514,0.1702064384568877,0.19377918052738682,0.4129063858494779,0.0,0.0557177131139051,0.944282286886095,0.3119765760493942,0.6543080591238486,0.033715364826757216,0.20392289236357844,0.013699033159930504,0.0,0.23655614103240669,0.12620870371858126,0.41961322972550313,0.3254125600380649,0.05885903859364091,0.0,0.0,0.0,0.0,0.013916545924020867,0.0,0.04511979449487718,0.00115979383863621,0.05914664459397429,0.07091419820937538,0.016111034554944597,0.0056560317351698865,0.06143982539632583,0.05223981279842845,0.04750571842205031,0.09934739185015289,0.0024042271939689903,0.03040215285778271,0.03360481044453686,0.034075066367016654,0.04268535268703308,0.0,1.0,0.0,0.0,0.33285828371351484,0.6671417162864851,0.0,0.026370077337647905,0.025404556415818038,0.33904944484674077,0.014386008877347534,0.5947899125224457,0.40651908591361124
0,associates,35-44,lower_middle_class,14,6435253507,0.02315821091397449,0.19571688366743933,0.21510898591551011,0.18689849789005367,0.3791174216130224,0.0,0.02649871847542742,0.9735012815245726,0.4947946172651066,0.4741339516277117,0.03107143110718171,0.42770420699139056,0.027097750665193803,0.01957285270315925,0.23971677546533054,0.055179033368886986,0.23072938080603886,0.13797958542490096,0.04479286242359372,0.025927516580117223,0.020112431912622086,0.013509287847857895,0.0,0.023353956427127898,0.004790659756677088,0.04646736149162243,0.017583201792581687,0.05944842446126808,0.08000087136272004,0.015322034927255897,0.03133546452842172,0.010259888429908904,0.076891676522418,0.05330427117235865,0.12691402352861497,0.0024281012368826327,0.048133480470204576,0.025774744976181093,0.07187681922660269,0.058510132598572705,0.0052832029014890525,1.0,0.0,0.0,0.35072918348047916,0.6492708165195208,0.008481670060181516,0.012210250911565216,0.024041001622036023,0.17200810050387966,0.01721226442431742,0.7660467124780201,0.456937124668273
0,associates,35-44,middle_class,14,11451532339,0.03093589849050157,0.09933892961431735,0.14306294332510813,0.1627859621590857,0.5638762664109872,0.0,0.020148846824122827,0.9798511531758771,0.7338285754458105,0.2525033728588766,0.013668051695312948,0.6294401886681866,0.005067104845207738,0.01198264615929842,0.12800372933566756,0.018184170889586307,0.2073221601020534,0.1283546351254818,0.055923664278445695,0.04518836123246615,0.0399005282850994,0.03010568942165741,0.002739855861310859,0.01421219014032948,0.0013571762747479764,0.02544586299665865,0.024735440604338847,0.1463560358024851,0.024928505509065217,0.022172083655153184,0.01760491094396236,0.017932775101251887,0.026559726244161287,0.06551392152515319,0.13220660564734577,0.0,0.03852277336698529,0.062009551209284676,0.04938278985372736,0.028846916920888414,0.0,1.0,0.0,0.0,0.4569930771777389,0.543006922822261,0.0055271608310829045,0.016864623465479785,0.027524414084440722,0.14677579491049805,0.015241437200992216,0.7880665695075063,0.482975351880548
0,associates,35-44,upper_middle_class,14,11834892214,0.022677475227236572,0.07431979718070629,0.1276718696442874,0.1766495019301407,0.5986813560176291,0.0,0.010964186716166403,0.9890358132838336,0.8181730541276563,0.17213100872943868,0.009695937142905018,0.759798641711567,0.009642506745013267,0.0,0.103176029145034,0.021253741263688706,0.10612908113469702,0.07901954348969283,0.12564523547083653,0.056963445953695444,0.037924366853891486,0.025594630481017407,0.0028413897982290486,0.005942263328499799,0.013662598786385533,0.017135837600624555,0.0142430990457688,0.1554542665647297,0.027403407495030018,0.022321360112388767,0.010428870138250673,0.005898921235413966,0.031015950493049418,0.05442753447623414,0.14146338527861813,0.0006878841693521823,0.05546518837100074,0.05423408683356852,0.04544093264861567,0.016785801375106633,0.0,1.0,0.0,0.0,0.45136517125866915,0.5486348287413308,0.0037299420393352473,0.0054616431507113344,0.03504099467077749,0.09920981102059068,0.010647975893766768,0.8459096332248185,0.5097449375891714
0,associates,45-54,high_income,14,3934068850,0.011180508953217736,0.07462601245527262,0.02597783234017371,0.12746673993771104,0.7607489063136249,0.0,0.0,1.0,0.9662372423909155,0.03376275760908455,0.0,0.941924655182382,0.0,0.0,0.027179235310027684,0.0,0.030896109507590343,0.11198324045599761,0.19564028499399547,0.053954581908244946,0.03451675813960399,0.009936433878120867,0.0007902075735151407,0.0,0.011230738374088192,0.0037800629747494125,0.031929640733155955,0.10300861333425824,0.021614631121669364,0.046420672835962185,0.007976748042932701,0.009873882863031236,0.012083226758982624,0.06419224538990974,0.10113636064096845,0.0,0.04583456285977303,0.0869874407510687,0.03068728448918732,0.016422381880784827,0.0,1.0,0.0,0.0,0.4582995450117758,0.5417004549882242,0.007773262026158998,0.00220760981343781,0.020495679174501482,0.07319721488860063,0.005980178511619084,0.890346055585682,0.6686623816967514
0,associates,45-54,low_income,14,3227829429,0.028066086821714766,0.14924629277862625,0.17512239492008175,0.10256367701020797,0.5450015484693692,0.0,0.019398342563410588,0.9806016574365894,0.45044055393300025,0.4938728247774458,0.0556866212895539,0.1893513676741436,0.034202485115269084,0.011989864660224584,0.46295778474978394,0.04685919387222986,0.25463930392834894,0.5167472683080243,0.013165859886582006,0.027415681016148268,0.010311806039364295,0.0,0.009517811171799685,0.009571177064821289,0.006239408383558672,0.017166704814748128,0.0,0.04579610331076141,0.01962417203055992,0.00406504286816204,0.05251611887450822,0.021340495994343945,0.03538833340254548,0.0574393254284937,0.0533315166698048,0.0,0.03455475775699671,0.021754368235546565,0.030459655679655803,0.006653121074818727,0.006941271988756008,1.0,0.0,0.0,0.3120399377212568,0.6879600622787432,0.0,0.02693755847778411,0.004973693422509532,0.26945500842944325,0.01605064119390306,0.68258309847636,0.4476324752536978
0,associates,45-54,lower_middle_class,14,6153891910,0.011235601471589708,0.11348066820367665,0.09579830676616483,0.15734456245917391,0.6221408610993949,0.0,0.0024042393360789466,0.9975957606639211,0.6322848639374298,0.34799339691359643,0.019721739148973776,0.42148142605254174,0.012063404279065408,0.022991838509558743,0.311477399186233,0.03742910037560279,0.19455683159699827,0.19185870133360858,0.036130166771161244,0.03527438394672746,0.02123975963692219,0.005356763570454067,0.0034853540350857416,0.013810789374101958,0.0,0.028622227783003096,0.011497000602989142,0.06330991325455373,0.0384778924399405,0.018238155079977673,0.047677220576986055,0.022524093537418015,0.05300725975864597,0.08423668348116956,0.1585176901490296,0.003925876884633159,0.03296850577929634,0.03547430068527154,0.04765601740963955,0.04671124390938482,0.0,1.0,0.0,0.0,0.3595243401017097,0.6404756598982903,0.000784796689742313,0.01658430493947366,0.04244885656433312,0.19304041448462816,0.0026484044956194236,0.7444932228262033,0.5337792419886686
0,associates,45-54,middle_class,14,11847276537,0.014631715099974796,0.09502642387759097,0.08013039191202936,0.1213126118489286,0.6888988572614763,0.0,0.009395880027983852,0.9906041199720161,0.7854912747192845,0.1995689676539539,0.014939757626761642,0.6120094640616897,0.0023473154284150734,0.021138012792889026,0.19024491907156366,0.034163437793990274,0.14009685085145235,0.14265182759277056,0.08904288033670975,0.056067226499315066,0.021601442424404177,0.012475046272316112,0.0002611605283574719,0.007557313085448746,0.009963610508402198,0.027816263591957043,0.009470043823963117,0.09510475386314518,0.029630360438002493,0.01650001866585112,0.019631232399585204,0.018705368470795913,0.02225814381697335,0.06631554801192702,0.12378809158542392,0.0006942723059018606,0.04271845874614449,0.062188624170206624,0.05707950379043305,0.06847880907196553,0.0,1.0,0.0,0.0,0.42587372365646,0.5741262763435401,0.0012625153935832366,0.015205137183842204,0.025102026703877893,0.12311124843291062,0.024282201913795,0.811036870371991,0.590689383517342
0,associates,45-54,upper_middle_class,14,12996850493,0.008916901218677425,0.06807606277201791,0.0710219261579683,0.08903272670738416,0.7629523831439522,0.0,0.0027401537025590218,0.997259846297441,0.9133158381250297,0.08331463238599247,0.0033695294889778647,0.8119617960277171,0.0026427773419798466,0.007689487314932676,0.11014146979462373,0.017801864930631697,0.04976260459011499,0.08672833134512845,0.09281909633797308,0.06285336716306567,0.04339864756494587,0.031163370019386127,0.0027385255388734124,0.006398132766456529,0.006839085826821936,0.02134195574146165,0.018648076634453597,0.10967022293344773,0.03077263043191952,0.047280082765510045,0.008749237598850941,0.007849149073073053,0.013807410118062977,0.07833626974076173,0.14042037668917887,0.00048107670418825983,0.030489502223129097,0.07765640356820253,0.04988695410085764,0.03167209511425131,0.0,1.0,0.0,0.0,0.4737419741279777,0.5262580258720223,0.002457336876899627,0.005681205076550541,0.028785412527557955,0.08941540388003293,0.008180584677592782,0.8654800569613662,0.6585494991736534
0,associates,55-64,high_income,14,2676180469,0.012860239957158136,0.08014024296356226,0.05082908928441178,0.04687927120508404,0.8092911565897838,1.0,0.0,0.0,0.9705388306531281,0.029461169346871877,0.0,0.8105662544538957,0.04604812621102796,0.016593619718252267,0.06114944634550354,0.0,0.06564255327132051,0.16582690074179746,0.2667151353461283,0.038215926834790755,0.05536833435428528,0.017180636183770012,0.0,0.012961461082989467,0.004019291346229461,0.016194418688136685,0.011920522688785828,0.07868602078195647,0.0436331814511871,0.015410270524622082,0.0,0.0,0.0014447497262562229,0.07806701021103671,0.08888224794827916,0.0,0.02990887570071419,0.03364175250619094,0.02943174345392026,0.01249152042892366,0.0,1.0,0.0,0.0,0.4115648334477102,0.5884351665522898,0.0,0.013722474782772208,0.0921721677059291,0.021667906059290504,0.0,0.8724374514520082,0.8070955225254653
0,associates,55-64,low_income,14,4386542970,0.00425842608353612,0.10655783408409196,0.08401813376058186,0.11649264249655805,0.688672963575232,1.0,0.0,0.0,0.6335160229833563,0.33312397005881833,0.03336000695782538,0.26284427278732436,0.01336952365475175,0.15800363628946737,0.34620425729010923,0.0486539041016165,0.17092440587673077,0.5752952799639394,0.016844891183181547,0.014772785184867344,0.004170384999101012,0.01151637504647538,0.002953574167312899,0.0,0.006108025883535343,0.019729771392163063,0.014572036211011972,0.02761875577842567,0.01071573294083108,0.0,0.033126803269409213,0.005399233784321051,0.021145499231254538,0.0478525172181318,0.059601248588703554,0.0,0.02481510058021841,0.03251057814213091,0.041635906965707896,0.029615499469277967,0.0,1.0,0.0,0.0,0.36177803223480104,0.6382219677651989,0.006374315763285456,0.012930154654338197,0.0051399612757013526,0.1854517672717566,0.0082908181337159,0.7818129829012025,0.539294596263809
0,associates,55-64,lower_middle_class,14,6063843634,0.0,0.0827707299683315,0.08832401053301962,0.12355754191929415,0.7053477175793548,1.0,0.0,0.0,0.7166429992742784,0.2785195328141933,0.004837467911528274,0.4476072608108417,0.020593310701454676,0.06434375068847628,0.2947153505046994,0.01780921813261915,0.15493110916190883,0.40605685825967985,0.030127031306625543,0.013297861367643571,0.006958673829154349,0.0,0.0,0.017449654441402767,0.002891957487438074,0.022379780415030404,0.0040633579107887665,0.05274879553399777,0.010612448948910348,0.005453867875907698,0.009695379951810941,0.05050839492013194,0.03795421186482396,0.043033186993291124,0.14091929501756015,0.0006602826922433139,0.029821141327932864,0.02673536353922414,0.05449597811974186,0.03413647819666057,0.0,1.0,0.0,0.0,0.4313864584721249,0.5686135415278751,0.01210082275020616,0.008166925136777034,0.005861637790378418,0.1273057378444927,0.03166464648319789,0.8149002299949478,0.624855635912989
0,associates,55-64,middle_class,14,11699393879,0.011398948302730274,0.06327070057267536,0.06473735296317226,0.0745065895733828,0.7860864085880394,1.0,0.0,0.0,0.8828907339841515,0.1165177473379089,0.0005915186779395377,0.676953083545295,0.017386733373010152,0.06600012427874598,0.17413501853774113,0.016040206863779872,0.04948483340142787,0.3207747121614795,0.06606934256546881,0.029930229687243442,0.01575458770824413,0.01337000682409455,0.002657489295732429,0.0037014838929161245,0.007965574624107413,0.03941441734239778,0.011398207751545349,0.07903779593742832,0.01887376699030102,0.003846641840205028,0.006165972933818856,0.017647125751581852,0.03054672889007364,0.048566020161085986,0.1202833993413925,0.0005481783984990664,0.03319602254755406,0.035145922793322175,0.048986349457702534,0.046120023103805446,0.0,1.0,0.0,0.0,0.4111672212895158,0.5888327787104841,0.0028758457359395993,0.006405520984682458,0.02089217146870622,0.10420460535039312,0.006425503900243549,0.859196352560035,0.6819852806495976
0,associates,55-64,upper_middle_class,14,11395993813,0.0049807044415249545,0.04502795951105524,0.06274039129298008,0.08959183154656562,0.7976591132078741,1.0,0.0,0.0,0.9305400022157769,0.0663560130348063,0.003103984749416782,0.8197399854976563,0.004046294053564523,0.02673358190599081,0.0936525432106252,0.012225511200354316,0.043602084131808924,0.22296997073668032,0.08546233685113006,0.047854213502458665,0.028184572777988047,0.04138692690952236,0.0021220995199569786,0.009071891201104848,0.014247520020130428,0.00980592441815149,0.012654697200299367,0.10746769576190186,0.020727798459361974,0.023201140535754342,0.012200584194894209,0.014501928196159157,0.023977861210163855,0.0740225913458909,0.12071589267016743,0.0,0.02476259943894373,0.03875591109010371,0.02045871670569325,0.045447127253543024,0.0,1.0,0.0,0.0,0.4921944770276614,0.5078055229723386,0.006681397186539522,0.010402558736454098,0.018020062872071693,0.084302892732713,0.005540661572487992,0.8750524268997337,0.734783756766155
0,associates,65+,high_income,14,1594963007,0.02528605166577384,0.06035066868481922,0.05383410814116769,0.06830019976757994,0.7922289717406593,1.0,0.0,0.0,0.9540516791434273,0.045948320856572696,0.0,0.6741299135347282,0.0,0.13558639169115225,0.12022204224075775,0.0,0.07006165253336186,0.7255824278813509,0.06226234499744733,0.004146989598486656,0.030376516437913847,0.0,0.0,0.002621596853123754,0.0,0.0,0.0,0.011068207176293463,0.0,0.0,0.0,0.0,0.03257063942674879,0.061115860726668254,0.027878269154113365,0.018570141671003657,0.0,0.0030671294434605027,0.02073987663338953,0.0,0.0,1.0,0.0,0.0,0.4659046459000412,0.5340953540999588,0.0,0.03608473723052311,0.028965636693290404,0.0,0.0,0.9349496260761865,0.6894845894065303
0,associates,65+,low_income,14,4475196826,0.0071418090069945,0.04489464571317606,0.09228257751718383,0.1580854365756113,0.6975955311870343,1.0,0.0,0.0,0.651862085942586,0.30849575799194134,0.03964215606547268,0.2803926883639598,0.009393872858453802,0.37277808415213604,0.26773885363852373,0.015243504063032244,0.0544529969238944,0.878484924542177,0.011331908287333952,0.0,0.010355856468870314,0.0,0.011018255043783854,0.0,0.0,0.0,0.0,0.0005444480085980469,0.010484217750470847,0.003181295829780337,0.0,0.0,0.025914093951406463,0.02661872240074743,0.016636800322936234,0.002456884563405346,0.0,0.0,0.001946875933898868,0.0010257168965913097,0.0,1.0,0.0,0.0,0.3073247136326066,0.6926752863673934,0.003570061300360781,0.01357529587236081,0.019323684602559645,0.15060840521788482,0.005897305979185104,0.8070252470276489,0.6122200384756887
0,associates,65+,lower_middle_class,14,9409517349,0.011616724742169345,0.030244967350025128,0.04460118637696132,0.050931458142317095,0.8626056633885271,1.0,0.0,0.0,0.8884668243784541,0.10441974657758825,0.007113429043957651,0.5475072125296104,0.013401478983765461,0.25357196054838793,0.1554551877366436,0.0022983898321095493,0.027765770369482953,0.8417655912863337,0.02133074126499493,0.004135717439761745,0.0,0.0,0.0,0.0,0.0,0.004064037248846142,0.0009734117766384067,0.011447431042937333,0.008308795244243723,0.0029354726683123097,0.005761819441861364,0.0015030783700614653,0.020985436943902914,0.023346816085454886,0.029047612949993404,0.0,0.00482783349188764,0.011730196555908385,0.004330144946736311,0.003505863242125364,0.0,1.0,0.0,0.0,0.40810332374891717,0.5918966762510828,0.0009674068990337115,0.00531070214832121,0.029612188985401276,0.08061162914807864,0.007802561202334418,0.8756955116168308,0.7630443725961188
0,associates,65+,middle_class,14,9327141777,0.005028644478811164,0.04867248840576941,0.038904006573030996,0.06558528267560611,0.8418095778667823,1.0,0.0,0.0,0.898561383688507,0.08773666591173121,0.013701950399761785,0.6808288162466944,0.01763152827863356,0.194136834229876,0.08849104814030961,0.0058154010410514205,0.01309637206343497,0.8016421738584236,0.013424112980544007,0.017175856744779488,0.0,0.0,0.0,0.0022943858377676724,0.00291768364313993,0.004000356153265322,0.007808230725042618,0.011963173142189495,0.0,0.008981485003967041,0.0018116577837026268,0.006559918725678442,0.00846142418405312,0.034641789491906425,0.052315086193205185,0.0,0.0024778763476064184,0.007982071547747634,0.004341909661957098,0.01120080797502388,0.0,1.0,0.0,0.0,0.4622780476686218,0.5377219523313782,0.0,0.004811823286601254,0.027673370167534874,0.0812571888709696,0.010908109518704488,0.8753495081561898,0.7842050170221188
0,associates,65+,upper_middle_class,14,5731705384,0.005244352594240039,0.03903320164091672,0.037523783514829726,0.04759040350563838,0.8706082587443751,1.0,0.0,0.0,0.9266952315496054,0.07065268674318868,0.0026520817072059055,0.7234791407066501,0.019450809755716503,0.10572796914713159,0.10963259656613222,0.005129506146996337,0.03657997767737324,0.6847208631754754,0.039709258022114696,0.0112859628445969,0.0010489305707831545,0.0005660564845249903,0.00575145228015788,0.018679632121161378,0.0030244570923675376,0.017337422170615877,0.0,0.0165527946123757,0.005331816091823048,0.002974117798794384,0.0,0.0,0.016083170509309627,0.056522533922340204,0.061660181276337565,0.0005910253184778836,0.0035173685054151415,0.02208326187757874,0.011207772677800985,0.021351922647948857,0.0,1.0,0.0,0.0,0.45048510173041373,0.5495148982695863,0.0010332015697337175,0.0006060178894917185,0.03207390901723291,0.06549167042811843,0.0014763426298255806,0.8993188584655977,0.8362029289536143
0,bachelors,18-24,high_income,14,3005601840,0.0,0.17667773187149766,0.0916215578973694,0.03094423311904813,0.7007564771120848,0.0,0.12224356703215221,0.8777564329678478,0.8592568997761859,0.1407431002238141,0.0,0.01690041652356721,0.0,0.0,0.0,0.0,0.9830995834764328,0.18695740950171896,0.1342081907296144,0.09488951171256935,0.014431254473812806,0.03368110893890057,0.0386948092898426,0.01171641417414091,0.024996465267002898,0.07660848883430281,0.05544077521592148,0.01769217608677003,0.03753346351424911,0.006367317768211108,0.0196239821971895,0.008727692620789719,0.028585380091462814,0.09877161241024526,0.0947443690678603,0.0,0.002948437441733799,0.0,0.0,0.013381140663661558,0.0,1.0,0.0,0.0,0.4110492316573775,0.5889507683426225,0.002948437441733799,0.020382311184637816,0.0592547048746816,0.059763153458809434,0.02882126995237666,0.8288301230877607,0.4656078284807012
0,bachelors,18-24,low_income,14,3806625039,0.008297133990453951,0.5482861691437532,0.32737579857021476,0.043264027665636334,0.07277687062994176,0.0,0.2757337676409899,0.7242662323590101,0.06828821655318282,0.9317117834468172,0.0,0.021100958244393033,0.0,0.0,0.0,0.0,0.9788990417556069,0.3174896890599684,0.016901596910869267,0.05860677101483228,0.03616902993843834,0.018565708803976583,0.017194200198187685,0.0,0.0019976262232535586,0.10659786447120041,0.048151618066420224,0.05018553286514017,0.002441294034686772,0.012196009463594558,0.07652251351672991,0.016540504345692136,0.04097621814650182,0.09466986722040527,0.057167096252056154,0.0,0.009041464459300007,0.010576580195714938,0.0,0.00800881481303155,0.0,1.0,0.0,0.0,0.5172489795625494,0.48275102043745055,0.012231383843424563,0.0,0.05486378848988599,0.07013165816566258,0.016596799882500853,0.846176369618526,0.2840228023309653
0,bachelors,18-24,lower_middle_class,14,3717862807,0.0,0.458148614250359,0.22786046580443386,0.04494638309013859,0.2690445368550685,0.0,0.05598440792600231,0.9440155920739977,0.2694805136740485,0.7184922676464969,0.012027218679454624,0.07862623694710207,0.005363939455337734,0.0,0.011094257411096558,0.021763790973581238,0.8831517752128824,0.0898155492373982,0.06949841250556936,0.06431188357725756,0.026873005053303464,0.016077889395879476,0.013069566447829391,0.028261747798269416,0.0,0.13991839801634726,0.03317555660412512,0.07262153904432656,0.01767778463375666,0.0038104079508601407,0.05889035512224053,0.013703187999319848,0.05467119190554898,0.13061484492803124,0.15069550682320268,0.0,0.005238947484379296,0.0,0.008669797857874533,0.002404427614480289,0.0,1.0,0.0,0.0,0.3062119303747617,0.6937880696252383,0.0,0.003019622450527933,0.04161484165276247,0.1596695305384355,0.03782308285696783,0.7578729225013062,0.36688280923971167
0,bachelors,18-24,middle_class,14,5995291995,0.017268085538842882,0.4472965040295756,0.22422039245479652,0.05271313394970014,0.25850188402708485,0.0,0.051287387879762475,0.9487126121202375,0.3656529975234342,0.62875026573247,0.005596736744095814,0.09988092181321687,0.026668182823011942,0.0,0.006699281208237465,0.0,0.8667516141555337,0.09560473476154684,0.05883168130829298,0.12614477236984017,0.030324950836693985,0.072726060109104,0.042423918837000696,0.029067129198266848,0.010767532099160084,0.0935442224444983,0.024955458904216393,0.03924338017167753,0.009838047429414654,0.015150327969972378,0.029143297131435215,0.010284148970795876,0.03353603880639679,0.10110855059362292,0.14784622913099665,0.004938390327725814,0.008958053927113187,0.005578900581972405,0.003568036222062275,0.006416137868194024,0.0,1.0,0.0,0.0,0.4173735199364547,0.5826264800635452,0.0,0.0,0.036394761119554114,0.06851031982137844,0.044478023959865526,0.8506168950992019,0.35227523309312975
0,bachelors,18-24,upper_middle_class,14,5239983348,0.010496766181708103,0.3208809582652132,0.17450960991107334,0.051499761369088994,0.4426129042729164,0.0,0.0842177277468707,0.9157822722531294,0.6533069591350159,0.33960984507311837,0.0070831957918657115,0.08500676422378585,0.0,0.0,0.0009077750221888682,0.0,0.9140854607540253,0.13850654817004582,0.0967737953200839,0.11434347596327514,0.05345017119317762,0.024278108641042958,0.023547951358871378,0.023451625861922492,0.01749646819679168,0.11089040430286497,0.03801892787999753,0.06745840578575824,0.014560416690850904,0.007265849234908675,0.04489777187742315,0.014835266419247407,0.022600963044129126,0.05900683274461429,0.09193884770337633,0.0077692817507785715,0.0019176192618694558,0.0,0.008145256228016547,0.01884601237095382,0.0,1.0,0.0,0.0,0.3953561539066173,0.6046438460933826,0.0,0.009868616284770683,0.0606849634591625,0.07437762777409498,0.029994099706440517,0.8250746927755314,0.44322766920365414
0,bachelors,25-34,high_income,14,10637997268,0.034045231999583925,0.2277514692815392,0.22389182841440827,0.15964515652853617,0.35466631377593244,0.0,0.01163643060638545,0.9883635693936146,0.7556678840463112,0.2387196651797448,0.005612450773943929,0.523176178070814,0.009900353266381381,0.003378369263931644,0.012597243129880451,0.011475647523168738,0.4394722087458239,0.05040256953373002,0.1986046548776008,0.15518456429443783,0.07997562196779462,0.02793000623282356,0.012591846625392459,0.0015595532299961857,0.008771366606822107,0.06544256211591273,0.05824250433526244,0.0666228355906737,0.006392143209563381,0.007961083074795917,0.006764214559112068,0.0024326373045652485,0.02866867675529469,0.11741817802091205,0.07349781169355345,0.0005088201156323139,0.007046829690913585,0.007146253762320481,0.005828349118542,0.011006917284348376,0.0,1.0,0.0,0.0,0.47496570376069774,0.5250342962393022,0.0017717055687440884,0.017469179989264873,0.10148191579701014,0.043674073445907936,0.026748119766484602,0.8088550054325884,0.4704209266018022
0,bachelors,25-34,low_income,14,4315644193,0.01339127611440696,0.30365400630700234,0.3376524921502026,0.13980541629883156,0.20549680912955653,0.0,0.13271439288924716,0.8672856071107529,0.23323020920784235,0.7357067570931698,0.0310630336989878,0.14848977055138798,0.02269445547871189,0.0,0.03622891415691831,0.009653837558614509,0.7829330222543673,0.20544519528234426,0.05022817412788506,0.030491369565044214,0.048284317168220264,0.003913281365362086,0.0062957968231186845,0.013902252668863612,0.016764404052899178,0.1389047908472931,0.08052359959694202,0.046448488576778274,0.015407601976977901,0.01917795010400664,0.03929127273166748,0.0,0.05268842189743514,0.06964911089925897,0.10923459555925444,0.0,0.015012023721761901,0.0,0.009993214702442918,0.028344138332443848,0.0,1.0,0.0,0.0,0.45861494796311164,0.5413850520368884,0.0,0.0011655214783829145,0.04212465297646006,0.16537563433927882,0.028950650798009382,0.7623835404078688,0.432207953571672
0,bachelors,25-34,lower_middle_class,14,10687876841,0.02247675937642291,0.29375332759787365,0.3053132026636159,0.165588144991612,0.21286856537047552,0.0,0.060773298070604144,0.9392267019293958,0.334639712939035,0.6274450093094968,0.037915277751468246,0.26740039687177003,0.016052318299725813,0.0013728263544087746,0.04547178791728369,0.018069627941364862,0.6516330426154469,0.12162383327747779,0.08054030372972185,0.06195121106373535,0.056935223903933456,0.006305268857654121,0.018706895950841917,0.06643903027362738,0.005034862470867052,0.10899892919153446,0.06513382408464076,0.03241844551116493,0.011987518747269965,0.024016548451917176,0.04196730722788088,0.014569607445572922,0.03224764460962411,0.0652177583414951,0.12659848472518528,0.0035497172698006393,0.008053019348971744,0.007132835841404322,0.02707473067896292,0.01349699899671589,0.0,1.0,0.0,0.0,0.4042569308457472,0.5957430691542528,0.0045855850258295465,0.014658021450904179,0.04725854793371117,0.1383947056094263,0.03550179485081886,0.75960134512931,0.4026325241222903
0,bachelors,25-34,middle_class,14,23370004984,0.0152808034163661,0.2998784856827397,0.30120519755213077,0.1896882174836938,0.19394729586506965,0.0,0.01921581549971654,0.9807841845002835,0.4932890709220056,0.492864753040739,0.013846176037255397,0.4370719070446562,0.007106365579027555,0.001681507471945518,0.03283509898801312,0.006937981404411668,0.5143671395119459,0.08837241743910447,0.13109351555968843,0.07201156410331042,0.05232240488768224,0.0346469877329659,0.011669730245531213,0.029199679780436284,0.006269447058325882,0.095385168960219,0.03478973562721256,0.08009136584615459,0.010731385772989871,0.024075137912259847,0.03320546942678393,0.00589628205446856,0.015656010781790426,0.0884551449781582,0.11691320014140395,0.0008561173612798918,0.017489573377491067,0.0073627978307152595,0.026621193210097264,0.01688566991193073,0.0,1.0,0.0,0.0,0.4736212496992594,0.5263787503007407,0.0,0.002131916789667382,0.039927184595760036,0.10978820585432529,0.030924440259845518,0.8172282525004018,0.48108825803406596
0,bachelors,25-34,upper_middle_class,14,31395965853,0.012842498997732618,0.22415706909451644,0.26781598812309043,0.2100237593540996,0.2851606844305609,0.0,0.01901977880839556,0.9809802211916044,0.6810282083408787,0.3114007544401058,0.0075710372190154135,0.6078253662062931,0.006536883941106381,0.0,0.02081632127707105,0.0033855336860051845,0.3614358948895242,0.07121156802336008,0.13617376031740966,0.11228137756632055,0.06593160814647163,0.05019451761346009,0.02074178609599216,0.01812416966766536,0.008467799469676025,0.08899723184445393,0.04956281483059746,0.0810992764459483,0.006456094421463123,0.018884774998675368,0.014660597579800788,0.0032750080848420525,0.01590054650133652,0.0914495011060681,0.08860739994511677,0.0028682762117157538,0.0068430073789072805,0.01558092212516715,0.015527299535313328,0.017160662090238515,0.0,1.0,0.0,0.0,0.4683325965458394,0.5316674034541606,0.0,0.002232129259157785,0.05884229654376035,0.06094979243383113,0.016718721903879376,0.8612570598593714,0.4850917116966072
0,bachelors,35-44,high_income,14,15250383626,0.012791802998805429,0.11400671875793507,0.11804733534248733,0.1736412942088438,0.5815128486919283,0.0,0.0,1.0,0.8918852736144278,0.10191740156294479,0.0061973248226273835,0.8613461914233422,0.010133484821754215,0.0038210719434396477,0.033182960928093835,0.012328161285035992,0.07918812959833407,0.11151640704307093,0.2794190663987694,0.11745974618933826,0.07765925763210699,0.041788098754021466,0.017391464405382036,0.011183117564940396,0.008646200989672075,0.042950548134624345,0.03687589498019097,0.0399569443591648,0.004535957959907651,0.018703262881447465,0.0014557301996096028,0.0015063442050621632,0.014557318061265668,0.10275785373217076,0.04408092874817233,0.0,0.008188784299635035,0.004289275837525741,0.006242554373366293,0.008835243250555591,0.0,1.0,0.0,0.0,0.4749571723331021,0.5250428276668979,0.004610952532375332,0.002411488714113479,0.10440541497496884,0.038551847967788294,0.011551464036593934,0.8384688317741601,0.5644543418779437
0,bachelors,35-44,low_income,14,2018647546,0.036310909819420256,0.24545118288816922,0.20004441131894354,0.20299281209935396,0.315200683874113,0.0,0.06529275467684838,0.9347072453231516,0.292018248142462,0.6582214629953039,0.0497602888622341,0.35605145257982546,0.0,0.02995141282578311,0.19491655330305988,0.06474440189372216,0.3543361793976094,0.34478051672721277,0.1274300179393476,0.07303623373587179,0.01024025617595356,0.0,0.00835352562333831,0.022165557374620563,0.0,0.021643247275421103,0.03197556855722648,0.007706801036578775,0.04338933370194185,0.016482556881180287,0.04637664716929243,0.0560283459210665,0.025415231153977782,0.04456256723876849,0.08646601896693858,0.016116830827881432,0.0,0.015139294157891593,0.0,0.0026914495354901347,0.0,1.0,0.0,0.0,0.28831624725835125,0.7116837527416487,0.0,0.01132050765636727,0.02098350208976996,0.24723033497795163,0.025770949021330543,0.6946947062545806,0.5500003902117542
0,bachelors,35-44,lower_middle_class,14,5928822653,0.024543168267374384,0.17023935156658496,0.20137650590642486,0.1669917602441734,0.4368492140154424,0.0,0.004143997120164829,0.9958560028798352,0.5108595284879067,0.4832406443377553,0.0058998271743379805,0.4126746317436188,0.028982038940404783,0.0033970029428707894,0.19239953727116485,0.020224700082625325,0.34232208901931543,0.13492961652263474,0.07527792921486127,0.04839606002632105,0.037783994413570124,0.014363093818788916,0.019869273698108036,0.03841529327660933,0.0,0.12138631514569609,0.03913621532979931,0.05283100175740743,0.014329368741871861,0.00708898114514069,0.02643204699683568,0.019490759087139792,0.03970974083376752,0.10755601665321056,0.13780945422386207,0.0,0.01700365973149644,0.004838840808551337,0.012704306809023387,0.030648031765304347,0.0,1.0,0.0,0.0,0.48464961631902603,0.515350383680974,0.0005437609098273023,0.0,0.04236614581023124,0.19965408012348587,0.00794484331154103,0.7494911698449146,0.509786422852544
0,bachelors,35-44,middle_class,14,15913952115,0.02091047161605714,0.11066470423396772,0.17196428556678486,0.15329470991059344,0.5431658286725969,0.0,0.009641568724803217,0.9903584312751967,0.7057881456997208,0.2836648484536426,0.010547005846636608,0.6288337182796657,0.009546268450613595,0.006662839829715046,0.11969055098542378,0.03274683838647456,0.20251978406810733,0.09679586465187752,0.1266882787148565,0.06959571506791605,0.06241507187041074,0.024663419568169285,0.014345375828096111,0.029416887999728657,0.0033785639551674623,0.12789614021029747,0.03817623658848115,0.06981886988039362,0.01872618786625022,0.009758609607328205,0.01986062316362575,0.0035725862808403956,0.03673135672244669,0.08767709302611534,0.09471471072099553,0.0026991934303680666,0.01300516732137974,0.016342415832385455,0.018416317824895,0.015305313867975026,0.0,1.0,0.0,0.0,0.47102028137527796,0.528979718624722,0.009292865275157327,0.009842706127810916,0.06343276350872695,0.08688245465416244,0.014751751689558229,0.8157974587445841,0.5561890318029274
0,bachelors,35-44,upper_middle_class,14,30304111878,0.017032549578683283,0.09660544122810343,0.14250521844644834,0.164043350585996,0.579813440160769,0.0,0.0038288105081948904,0.9961711894918052,0.846743198820763,0.1500486311991565,0.003208169980080483,0.8158010521980558,0.003665842491845093,0.001821066204552375,0.05744843957178846,0.008477223257167913,0.11278637627659038,0.08993889957813467,0.16782097490512704,0.10206699458648297,0.07778927438924102,0.04125135245780061,0.01207924094504625,0.022964173667310534,0.010771885720134947,0.0797985171034023,0.04247679876520287,0.08149039674687807,0.0072913362348166815,0.020223404383776542,0.007091836212366296,0.0034546630312569096,0.009495535627589265,0.08835939329883172,0.07722658045289836,0.0017382591251005016,0.009648230384611966,0.012823501693910952,0.014306240709028575,0.019892509981050962,0.0,1.0,0.0,0.0,0.4925124790684024,0.5074875209315975,0.0029377160881137636,0.0049224849617947285,0.06648912576985173,0.07166301179664619,0.0070280589597023395,0.8469596024238912,0.616765227248545
0,bachelors,45-54,high_income,14,19121694837,0.007559639155013255,0.06467809896259354,0.06947919210745221,0.10090630587130105,0.75737676390364,0.0,0.0001243600015725949,0.9998756399984274,0.9626364579557274,0.03344468952420193,0.003918852520070682,0.8782687718927538,0.006985391260482859,0.0035899836591456635,0.05347117965827832,0.010895290808473432,0.046789382720865975,0.11542522526451299,0.2962286645762979,0.08723696728870665,0.07026195917530843,0.03242612573234007,0.004919376070053324,0.019131287582947007,0.006195291631303215,0.049728090114693216,0.023624890881841658,0.06103954314455102,0.0005954153173687111,0.016787573943438307,0.002994861987295713,0.0005409724968512738,0.002618312572540507,0.11776336256777592,0.05942762190729966,0.0,0.00263149320334486,0.005634085676942131,0.0053048251143367,0.019484053750250738,0.0,1.0,0.0,0.0,0.4817688862586883,0.5182311137413117,0.002270347078021408,0.003600667492442945,0.05984591736009201,0.036788958666927815,0.009090382441605325,0.8884037269609105,0.7600560050711576
0,bachelors,45-54,low_income,14,2909214225,0.029925573459616918,0.17117677128091177,0.1817522956735852,0.07465846761422322,0.5424868919716629,0.0,0.02454866863577226,0.9754513313642278,0.5145453157544628,0.43767305998237377,0.04778162426316336,0.2766170930571467,0.0,0.03503087642162206,0.34831451712704314,0.058960036880749134,0.28107747651343895,0.30397248212272854,0.07183610481624123,0.041150097841282214,0.012279256609230968,0.0022395676275781995,0.0,0.0463552844754841,0.0,0.05487398921267134,0.034747869761980146,0.04471980952176184,0.028841949581763785,0.017662078151016877,0.05374419960427631,0.023482748507459947,0.008788770789129494,0.08273570022159506,0.09832607634798705,0.0,0.01646802479800194,0.01885829669349977,0.0314098972893617,0.007507796026949511,0.0,1.0,0.0,0.0,0.4906426731087498,0.5093573268912501,0.0,0.007560191962144005,0.0771785096025371,0.21380633562659002,0.032762792502844994,0.6686921703058839,0.5549745715271277
0,bachelors,45-54,lower_middle_class,14,6586920639,0.0249881800648183,0.13541506234625214,0.1964005842639696,0.11651646483424408,0.5266797084907159,0.0,0.005789929481492877,0.9942100705185071,0.5880001770581527,0.4017012033413084,0.010298619600538959,0.4216839159339992,0.012784429115694405,0.023763916491297506,0.2606657537110794,0.05381239784510481,0.2272895869028247,0.13739976562665857,0.08068173614441508,0.04282728295369705,0.009037417370347644,0.008735605475388816,0.005241926826257,0.029932693409515966,0.0028179114365066817,0.08704083689811098,0.03579061870036294,0.049430679803883396,0.019579784404322165,0.018330412436596534,0.024486172802058562,0.031079895177100525,0.06295230180015533,0.07202761563437139,0.149769441908711,0.004373810704416474,0.027524065786759512,0.017080430320332574,0.049276098314929156,0.03458349606510266,0.0,1.0,0.0,0.0,0.3815922568002265,0.6184077431997735,0.000895378329758559,0.021038668840108975,0.07314516227011127,0.15116604291609714,0.021208492808136897,0.7325462548357872,0.5930991613697504
0,bachelors,45-54,middle_class,14,15231917048,0.012499909788111656,0.074968106207612,0.13714045529641858,0.10442935101257388,0.6709621776952839,0.0,0.0034823584472556406,0.9965176415527444,0.7382451840148703,0.25588102467455087,0.005873791310578834,0.5629300559462973,0.012201768458580434,0.01628305440598274,0.1827908931112241,0.02386640623464614,0.20192782184326927,0.1016499722340137,0.12751783034789016,0.08961901090311138,0.0510179488603528,0.01783577859201062,0.013413896186286531,0.0288834681552948,0.0070035092538799654,0.09075877439744313,0.027198360041909283,0.05993177793204064,0.011964268346900467,0.016265097047159286,0.010244287144439812,0.01276116514995874,0.028235352952927926,0.11383258486348342,0.11674022628907899,0.0025625949036484014,0.021405462094662007,0.011504059301780936,0.018355785953857433,0.021298789047869558,0.0,1.0,0.0,0.0,0.44268812019859155,0.5573118798014084,0.004771238234227548,0.009967093014069046,0.05472899309870244,0.10940567052384331,0.01328512959743109,0.8078418755317266,0.6411239085156551
0,bachelors,45-54,upper_middle_class,14,27510415402,0.009545629761043475,0.051996750979485626,0.06495476868990101,0.09973292441816542,0.7737699261514045,0.0,0.0033865296339082884,0.9966134703660917,0.9166604638462377,0.08120578138698656,0.002133754766775804,0.8213991406453718,0.008348988033939395,0.01467188332498448,0.0774973149931064,0.008710199337178296,0.06937247366541964,0.0759994470620753,0.17989501076891082,0.09143870905770193,0.06105522659166715,0.04450040379655624,0.010590344920012342,0.024341636475300795,0.014055847152780118,0.0901827128288159,0.028835089089288335,0.08596161120955217,0.006577187961576386,0.022545410272318503,0.007342665933910786,0.006483304282894739,0.00461750119522968,0.10127029549679062,0.08712995285508267,0.0028329458810837918,0.0068693853669058455,0.006256046354992077,0.016727150909053367,0.023327597770600905,0.0011645167668995274,1.0,0.0,0.0,0.49548194179608923,0.5045180582039108,0.003669795476540147,0.003912401809540659,0.06499102059614913,0.06511093648806837,0.01269357466607403,0.8496222709636276,0.6989653907444112
0,bachelors,55-64,high_income,14,12644074480,0.018016108127196038,0.034260167296958216,0.0879043409431103,0.07715671222461828,0.7826626714081172,1.0,0.0,0.0,0.9633853668979653,0.03582423179462321,0.0007904013074114698,0.8617401033373223,0.01435399682966752,0.01457753181472876,0.06442674347486128,0.007304983701741054,0.03759664084167907,0.20021783057386736,0.24632245388355226,0.09033886163884729,0.052288908693615986,0.04468531800359974,0.007097505091570767,0.01280753053583721,0.0029287456395938596,0.04593401612104392,0.022484121273540617,0.057161330720032266,0.00676036843465351,0.02180250681345243,0.0,0.014288906023590585,0.003735698969087376,0.0823105558770799,0.0509506481489818,0.0,0.004911455725623027,0.008956008221805412,0.009957853712358074,0.014059375898266616,0.0,1.0,0.0,0.0,0.5247818817024241,0.4752181182975759,0.00048371654324516443,0.0014527204050446246,0.06665778126609073,0.036513345498736735,0.006632831144158208,0.8882596051427245,0.7905729656062577
0,bachelors,55-64,low_income,14,3789994282,0.05390450639207587,0.10048314394792007,0.11424535442082759,0.0565834861594654,0.6747835090797111,1.0,0.0,0.0,0.6386280284103077,0.3408295176420005,0.020542453947691733,0.39444935711383217,0.023258739312261578,0.07520773589388756,0.2775415601537311,0.019773487879895434,0.2097691196463921,0.5709304745594864,0.021849132700089917,0.0,0.0,0.005086611895843488,0.021479981219665597,0.010034470284195537,0.0,0.020817388663279254,0.022812371356501167,0.022157471687710584,0.018810213603377673,0.012319054997455534,0.014856674393262317,0.014020179463690283,0.04262770995916769,0.074342965196062,0.060034873160792805,0.0010093600980266599,0.0311981280714766,0.007701013201686936,0.009621958580041995,0.01828996690818754,0.0,1.0,0.0,0.0,0.3895501768991851,0.6104498231008149,0.0,0.00888290337531438,0.028957990390973364,0.15187275525287983,0.0,0.8102863509808325,0.6943038928838152
0,bachelors,55-64,lower_middle_class,14,6999720192,0.013514321345032415,0.08985411384284088,0.0924081182186775,0.13573884283059068,0.6684846037628586,1.0,0.0,0.0,0.7423455496033633,0.25284198345852965,0.004812466938107002,0.44069715508422425,0.0035278888759329424,0.07690927811875597,0.2871566149597312,0.024772368358120793,0.1669366946032348,0.4022861814131213,0.08204436352418128,0.03818835248664751,0.012687581298106838,0.01664241566872049,0.0013714133903482751,0.019482804492079904,0.0,0.056132632479946994,0.04116529333977126,0.019750051888931277,0.007970063441073046,0.006679026977882947,0.010394554068483542,0.021238422954378573,0.02618873897409641,0.0710914095635896,0.10949113164208035,0.0007285109775999458,0.010454041017758443,0.00409996588617924,0.011585337238577437,0.030327707276445372,0.0,1.0,0.0,0.0,0.43239688287242894,0.567603117127571,0.004256566717345721,0.010718285580293092,0.035350740631433515,0.10935821575766211,0.01596649107884797,0.8243497002344176,0.723940886635944
0,bachelors,55-64,middle_class,14,15094550590,0.01101076159962706,0.04943687985612297,0.09752170428811686,0.09597658037992637,0.7460540738762067,1.0,0.0,0.0,0.8680436943701018,0.12259576248834846,0.009360543141549734,0.6333342234338094,0.008831321953255979,0.06424370849718686,0.1890927464174341,0.0060945415003574475,0.09840345819795619,0.24098696190464058,0.10461000541785591,0.060997250664088835,0.0273956278813598,0.031113053959428944,0.010972447375129172,0.017667002035600187,0.004142048590795442,0.0854779120654827,0.013000109531581622,0.09798266706793024,0.003924141142647958,0.00438695525283605,0.005598084189136498,0.006707153511882065,0.018671814528000465,0.09376066346338305,0.12342613653130298,0.004037769302014046,0.011439167398225931,0.009621125394499075,0.020634195244364675,0.0034477075478137834,0.0,1.0,0.0,0.0,0.45540307636280547,0.5445969236371946,0.00463169973714335,0.003747339853726642,0.08197637807247894,0.09261759200212134,0.005878032172669011,0.8111489581618607,0.7748985848408754
0,bachelors,55-64,upper_middle_class,14,23553615212,0.007014130676458977,0.03828084282962345,0.06467535158780618,0.0841873593566117,0.8058423155494997,1.0,0.0,0.0,0.9262605137102212,0.06729265073467312,0.006446835555105696,0.7751878691513032,0.009658458328048873,0.021751484236652647,0.10660944599794119,0.008747552940197027,0.0780451893458571,0.1737594238575693,0.16857086681865932,0.09069946017932765,0.051172707083451355,0.041124452245721775,0.007717712519451683,0.010076172590230902,0.010604515644492054,0.0774012481986708,0.0268683256605797,0.0722425034409618,0.00702379675098515,0.01111448869499346,0.004115224483696979,0.008674587198652415,0.017142651366499704,0.08507898392511108,0.08311386559472338,0.0001687615240472665,0.012539123372004928,0.0037602487432535203,0.017107014883843218,0.019923865223072577,0.0,1.0,0.0,0.0,0.5111399667795506,0.4888600332204493,0.00023430288515490248,0.004741713150815992,0.05386628016889758,0.05544787160039133,0.00595222609090486,0.8797576061038354,0.8170172767446668
0,bachelors,65+,high_income,14,5552767506,0.01023570119559045,0.04340811311468584,0.08665691611976524,0.053583355809242846,0.8061159137607157,1.0,0.0,0.0,0.9444679440176799,0.042804995480752624,0.012727060501567486,0.7783866022356745,0.01622495447588077,0.10734254105830017,0.08044313227905567,0.0,0.017602769951088962,0.6196438050543512,0.13263173151121663,0.04090232838932767,0.00442654639752893,0.013647141163053766,0.0004945391639453237,0.0,0.011908261228036367,0.013733151247121565,0.030734552241849254,0.0319359261500476,0.0005727430504813215,0.00560885089576448,0.0,0.0,0.00429970928446072,0.052946701024726824,0.01842004493965932,0.004868378150316888,0.006865980064680201,0.0,0.006359610043431918,0.0,0.0,1.0,0.0,0.0,0.4757829976035017,0.5242170023964983,0.0,0.0,0.037927627939119406,0.0262933972730246,0.006123594759416531,0.9296553800284395,0.8202171738828786
0,bachelors,65+,low_income,14,5303021856,0.0184990910209064,0.06970205291192373,0.06406055080003804,0.11112803605235604,0.7366102692147758,1.0,0.0,0.0,0.6920322292935314,0.29925220244085676,0.008715568265611916,0.41943036789173666,0.009188029263894476,0.26170559761690715,0.20225009496924842,0.018270561131174038,0.08915534912703932,0.8618509502895777,0.011834194484602177,0.011200254234818676,0.0,0.0,0.0,0.0,0.0,0.02086560304759189,0.005814014506675267,0.0,0.0,0.0064293065210402935,0.0,0.007128984949821787,0.005244796788557682,0.029807219221839844,0.02153102327323314,0.0,0.00573362373862334,0.005606651227801389,0.0,0.006953377715816829,0.0,1.0,0.0,0.0,0.39924917311146,0.60075082688854,0.0,0.00041608691420034,0.04083730406560104,0.05959015191356586,0.022881359589855706,0.876275097516777,0.739981561750516
0,bachelors,65+,lower_middle_class,14,11738521800,0.009688677836761354,0.05858197792843048,0.04454530927394964,0.07566804672118085,0.8115159882396776,1.0,0.0,0.0,0.8229149673683785,0.16029937023245977,0.016785662399161707,0.5046709393170782,0.010121529356447589,0.21836002025399825,0.1625894619883059,0.013622262387415764,0.09063578669675428,0.8480241424435571,0.026596690564564953,0.00793348400988615,0.0,0.000986175448428268,0.0,0.006776105148094541,0.0027701770762993344,0.022724370882882376,0.00855343378925275,0.0005226644465574873,0.0005310039974539214,0.0002854871385935493,0.0036659324515630237,0.0036277753473184333,0.010382611974192525,0.023568465409332884,0.016677143028349616,0.0,0.0007841668786609912,0.0,0.005355926331371638,0.010234243633640481,0.0,1.0,0.0,0.0,0.4539016829188834,0.5460983170811167,0.0025459837711422914,0.001913698111460678,0.05364222546317544,0.06011430025201299,0.007387873573655586,0.874395918828553,0.7676087223350389
0,bachelors,65+,middle_class,14,19667208257,0.00489980172786859,0.04174328574101497,0.05596185669149392,0.08063366779245673,0.8167613880471658,1.0,0.0,0.0,0.8942191963996957,0.09874729380102887,0.007033509799275422,0.6954551698577663,0.0029471147731081862,0.14268640654685674,0.10869262876896377,0.0041227276866375225,0.046095952366667414,0.7697914772734182,0.02778389097524875,0.021147923160470147,0.0046429230731056875,0.0022165206891773446,0.0,0.003891118861405363,0.0,0.03078018649568826,0.009048588629078043,0.014249193039396207,0.0,0.009703980021265709,0.004588908086020681,0.00828208904240516,0.006888072380673728,0.03382255271351195,0.030373323056025848,0.0005666413277559875,0.00195239682715686,0.002458827524887179,0.005231896650271994,0.012579490173036815,0.0,1.0,0.0,0.0,0.5232745572487177,0.4767254427512823,0.005464181880605791,0.004411064085271104,0.05247696681264669,0.052594091214335996,0.0017304546509740047,0.8833232413561665,0.817948936513364
0,bachelors,65+,upper_middle_class,14,16529623450,0.0023555165740935255,0.020484641046072952,0.028596222498946278,0.07668933063323956,0.8718742892476476,1.0,0.0,0.0,0.945773306227372,0.05216343364433992,0.0020632601282880403,0.7732555892554225,0.00503122168823513,0.10349671080982792,0.0842510998639839,0.003577303389811944,0.030388074992718603,0.6884488991187515,0.06836060061610176,0.027396698380325175,0.009940262069309268,0.013019969429491149,0.008912603329750987,0.009452990049812659,0.0012580524936277359,0.027293081984877277,0.012757288854030126,0.020133968569017825,0.0,0.0016790263906465456,0.002772879560060396,0.00945470624135724,0.0035570050447821908,0.040037122261245464,0.026277102458737496,0.0,0.0035417890901803936,0.0022235574882378826,0.010008046432539877,0.013474350137117007,0.0,1.0,0.0,0.0,0.5665380368964182,0.43346196310358176,0.0,0.0031613218630216285,0.03548923154689286,0.04713770718110339,0.007566504486827859,0.9066452349221542,0.8492152853609015
0,high_school_GED_completed,18-24,high_income,14,3809584244,0.01119173754121606,0.13569152140791982,0.08342644148126102,0.10504340299870266,0.6646468965709005,0.0,0.26830982005709914,0.7316901799429009,0.8324557408055051,0.1561859223712182,0.01135833682327672,0.03519220665907395,0.0,0.0,0.0,0.01066676293193951,0.9541410304089866,0.35144465963934723,0.01486518196551004,0.0,0.0,0.0,0.007294683939269253,0.01124402329925218,0.0,0.010967285226938796,0.009354410538663495,0.010992986456713202,0.011780087570101783,0.0,0.0966574096845199,0.04544255197208339,0.04017046328376194,0.1469287557773719,0.050581346062497,0.009093237944418587,0.06438006152148502,0.043257535847788436,0.010748673969998707,0.06479664530027912,0.0,0.0,0.9442677805762155,0.05573221942378445,0.5690662214425097,0.43093377855749027,0.00814839914588853,0.0129556486584419,0.011908479270789423,0.15462162306234065,0.02928098785994454,0.783084862002595,0.2575604630729358
0,high_school_GED_completed,18-24,low_income,14,15019879654,0.021048833564775247,0.39833872206869814,0.225940302131265,0.11203581618257885,0.24263632605268276,0.0,0.11379089216236406,0.886209107837636,0.20449326890458985,0.755923345229754,0.03958338586565615,0.08105562255126175,0.002831158236922049,0.0,0.015845977097201046,0.02031446709486398,0.8799527750197512,0.3909068015359479,0.009436889393601263,0.00687690663170476,0.0038903292400507806,0.0036067984729539963,0.0,0.000256072757478833,0.0,0.007058190840548262,0.013799569954929813,0.004527146126759506,0.016135366965837075,0.0038535162952910832,0.11654768036265918,0.04146199019871321,0.03810104183142345,0.11967167976085037,0.07028761516866412,0.0017237956359460456,0.034721789522535414,0.016090580055722198,0.052593300159340946,0.04845293908904179,0.0,0.0,0.8941551544604673,0.1058448455395327,0.4831898921418615,0.5168101078581385,0.004488082298452216,0.011266963377761296,0.023222970092647056,0.32720437674686575,0.03551049337855101,0.5983071141057227,0.12745036885100464
0,high_school_GED_completed,18-24,lower_middle_class,14,19025557479,0.02539933205812161,0.3355901418419614,0.2048864045798718,0.11072743415404653,0.32339668736599864,0.0,0.08668648268627167,0.9133135173137283,0.3494135169146914,0.6314755467355417,0.019110936349766867,0.09800919810408673,0.01049869052302265,0.0,0.007962952421616133,0.00912887946603964,0.8744002794852348,0.2973000643078817,0.02731356931714537,0.007988438770730225,0.0013492820921718024,0.0017346582898518387,0.0,0.007845836746952753,0.0,0.013706490823611151,0.0061655377578016465,0.004749856665159325,0.026298930875075673,0.010088832309479786,0.13655536500665816,0.04326394492821264,0.030855790357153613,0.10035995187565773,0.08420164742968686,0.01030841557291957,0.05033225439291213,0.013677461082926305,0.06820255661008902,0.05542736165097788,0.002273753136944808,0.0,0.9013796569655829,0.09862034303441711,0.5523464986820636,0.44765350131793635,0.005374573024357685,0.021635147009717748,0.013493607127326794,0.2223713118351353,0.035339886715127146,0.7017854742883353,0.15527315345480605
0,high_school_GED_completed,18-24,middle_class,14,15103763352,0.018170089639524167,0.2173051473668243,0.19131669337346752,0.12375597368933142,0.4494520959308526,0.0,0.11515747621732203,0.884842523782678,0.580231347695178,0.41348165708469187,0.006286995220130088,0.11261226333864503,0.010270491756576617,0.0,0.004684349148692885,0.013033324305490614,0.8593995714505949,0.2833490121144742,0.014721540772191516,0.008908178237722697,0.004862177544001022,0.0,0.0,0.0030591923961706944,0.0,0.006953100267298203,0.008231761985567423,0.009587747743731995,0.025143086603625436,0.007815077226059017,0.10921815361875116,0.02786884501499173,0.03778352081532269,0.13328636460219878,0.10558579288047627,0.00640770069978517,0.04299626337259895,0.037312678824868814,0.057070287246380844,0.06983951803378334,0.0,0.0,0.9267483942104073,0.07325160578959261,0.5451616334355289,0.4548383665644711,0.013234270647754254,0.027846893730912845,0.011378620612275599,0.11504518837485027,0.038450051782829335,0.7940449748513777,0.16007319041315976
0,high_school_GED_completed,18-24,upper_middle_class,14,10250396233,0.009304061114531942,0.11795815903266069,0.13614539440994505,0.10425651074438812,0.6323358746984742,0.0,0.1671994575665688,0.8328005424334313,0.794988894747831,0.20263522880345225,0.0023758764487167897,0.05855356079482396,0.010927716690539761,0.0,0.009267037765251234,0.004569007961782271,0.9166826767876027,0.2783345131395956,0.015537664435571483,0.0005672049028975328,0.002708673047253899,0.0,0.0,0.0056834474176175,0.0,0.0035518024057246216,0.005736003629860852,0.006852014537143796,0.019906391456662825,0.010386873110059218,0.09813762357414618,0.026574837480236164,0.05937150771213509,0.1547020768714122,0.1076366797849228,0.011742178084053779,0.053436054231407196,0.018671814986412925,0.06794892842851141,0.052513710764374895,0.0,0.0,0.9458999146574747,0.05410008534252531,0.5807218507159927,0.4192781492840073,0.001167084250020133,0.019269789236448925,0.03845393749082792,0.08294195743018357,0.03169767320349791,0.8264695583890216,0.1977702754039479
0,high_school_GED_completed,25-34,high_income,14,2150411481,0.0,0.14719457778043737,0.22154467887162477,0.09546588911650254,0.5357948542314354,0.0,0.027290614153859236,0.9727093858461408,0.8477874053909964,0.15221259460900358,0.0,0.2527718424137264,0.019222192759488898,0.0,0.021657109074930576,0.003895911119347302,0.7024529446325068,0.24076760451410556,0.07932554513737736,0.048862496284263465,0.0,0.0036652138763390465,0.0015840084700515045,0.0,0.0,0.0,0.014553206340512465,0.03785976717448524,0.00700408323387295,0.0,0.05098208783233333,0.02281730563360957,0.022246984087786314,0.1055435227189433,0.06025958898793658,0.0,0.06042969922183,0.030750510581002612,0.14208249011855048,0.07126588578700022,0.0,0.0,0.9291027622633865,0.07089723773661344,0.6208881438724052,0.3791118561275948,0.0,0.026034247163694343,0.04459276229096733,0.08400772019501694,0.03212660395947728,0.8132386663908441,0.1899189850912073
0,high_school_GED_completed,25-34,low_income,14,16427982479,0.02932895470371411,0.3541841810726221,0.26176416620221304,0.15038964274269118,0.20433305527875953,0.0,0.017467022829297966,0.982532977170702,0.21084960197807867,0.7500203800284319,0.03913001799348949,0.21948568082594436,0.02586159545416447,0.0028942900968381294,0.07245636940029512,0.07031283424343614,0.6089892299793218,0.33110922287342914,0.025339572253143747,0.005068330703811922,0.002053007181077357,0.0,0.0,0.0022676628762917737,0.0013500925039548796,0.010609931330448432,0.005214296406116833,0.012476691234727728,0.032696275923511715,0.013934942790000768,0.09863518335689357,0.07098995159574763,0.039600516730013004,0.09895249748884274,0.06430497977158209,0.005764426649532465,0.04805129887428826,0.010556600679461925,0.04489997411081364,0.0696395020181224,0.006485042648187987,0.0,0.7978729105509658,0.20212708944903424,0.45743510717802,0.54256489282198,0.006560119548323266,0.03656852195745515,0.013827068983690995,0.3003981307691532,0.04551036537540247,0.5971357933659749,0.15844707281173379
0,high_school_GED_completed,25-34,lower_middle_class,14,21959882756,0.02081671145876677,0.2516843947397622,0.26592114019390534,0.1923065338245561,0.26927121978300966,0.0,0.007745942539402873,0.9922540574605971,0.37162956299346467,0.6078060708841063,0.020564366122429036,0.37126157778654034,0.012810304823833277,0.004152850860512126,0.05951679685734657,0.037055054484645175,0.5152034151871225,0.20444324976067282,0.05195470047253653,0.00878584189832639,0.003423892323808361,0.004452133879143194,0.0015103981368451347,0.007369265756019777,0.00153418833672028,0.00832791131136766,0.00950285979750884,0.024154633059462586,0.037264478234812666,0.0054246161203867225,0.057662172429132255,0.0415865919753365,0.057909045559569106,0.07943379190052358,0.12187965845440236,0.007951518910195042,0.06601187707179032,0.03780030577682379,0.0796109580103443,0.08200591082427179,0.0,0.0,0.8313017076565307,0.16869829234346936,0.5221910031312373,0.4778089968687627,0.008395052471290161,0.022909716349124937,0.024772935768582936,0.19429055379789115,0.01721488580792676,0.732416855805184,0.1908379978419954
0,high_school_GED_completed,25-34,middle_class,14,23207808498,0.02169196462662056,0.20633966117105282,0.23548891225429483,0.19141377603071946,0.34506568591731235,0.0,0.010672651061445345,0.9893273489385547,0.6040639126356169,0.3873482654674049,0.00858782189697815,0.4502521247493276,0.011307854768907444,0.0015678974170756277,0.07522144247917432,0.020092953586728617,0.4415577269987864,0.14984597849037284,0.05656658452318465,0.02064597624723127,0.003690265800296505,0.007577772499077436,0.0019441243236684002,0.003020967059687774,0.0016451103516857363,0.007386849043276693,0.010649725458623095,0.021057109120928598,0.015448678061562656,0.02241247044264541,0.052944651284324816,0.025235962113806305,0.04736433248726301,0.09738210349308786,0.13139618147326546,0.007548683625819188,0.08930107072275274,0.06566739173719634,0.09885702220430309,0.062410989435940145,0.0,0.0,0.8796446003834998,0.12035539961650023,0.5740046315940607,0.4259953684059394,0.001709448438589921,0.022082802520719078,0.01920839815781903,0.11053730115107915,0.027115963450587414,0.8193460862812054,0.24393452567862534
0,high_school_GED_completed,25-34,upper_middle_class,14,10968697589,0.019697945744869237,0.1787490104537333,0.21312668719615294,0.1983078318415293,0.3901185247637152,0.0,0.01286026220118083,0.9871397377988191,0.6978789901798979,0.2913021742165929,0.010818835603509316,0.5531244221815695,0.0029857398961243256,0.0004512335179122423,0.04062606443329121,0.012295953635849665,0.390516586335253,0.12841026681349232,0.07199738616114015,0.02382132517374119,0.010950359696346626,0.00873611795953763,0.002401740752376941,0.0024998741899401634,0.0041138106538056,0.016168307363843396,0.008097527557790708,0.02092173515934463,0.014582641895461596,0.026591928224232494,0.026666915978551187,0.045595666481091826,0.03362930758250846,0.11199217154385895,0.0980744611902528,0.006385432767354236,0.08106476168070423,0.06606122086241792,0.0852022112394843,0.10603482907272264,0.0,0.0,0.9200380242154199,0.07996197578458009,0.6061349191236236,0.3938650808763764,0.004342828363485115,0.012765737852087664,0.02411390795068076,0.09158121133792524,0.012028860940821038,0.8551674535550002,0.3108375086773486
0,high_school_GED_completed,35-44,high_income,14,2540490270,0.021205042836082186,0.11917912324852163,0.14829091039974737,0.10000353435716958,0.6113213891584792,0.0,0.0,1.0,0.8556265283393508,0.14279844929301777,0.0015750223676314257,0.8331601884072557,0.013320385596280989,0.0,0.049395121674683684,0.0,0.10412430432177959,0.1378642729460247,0.16542618366336037,0.030257941117798493,0.00303245719575222,0.0,0.0,0.0,0.011702819865552959,0.02206960509240604,0.013116002998901468,0.025338551680420332,0.01276042399485356,0.06985495047772806,0.024064860913637746,0.021051863347620693,0.029153129958651644,0.10393465037754307,0.13580566517973713,0.0,0.05186468397692387,0.03946725999466237,0.01823107631898153,0.08500360089944371,0.0,0.0,0.9056209449682324,0.09437905503176755,0.5467880347363031,0.4532119652636969,0.019247160116066888,0.002128923327858288,0.04063882283634961,0.059609134421128876,0.0023796060435216705,0.8759963532550746,0.43424425829428587
0,high_school_GED_completed,35-44,low_income,14,12037820805,0.03828659293620379,0.21051186930340754,0.23376099591308047,0.14439088304737396,0.37304965879993424,0.0,0.002493832520544818,0.9975061674794552,0.31341211288283505,0.6200980706490921,0.06648981646807293,0.25036782984409944,0.023487156818496936,0.01609707887656166,0.21444051417743296,0.07636974655895785,0.41923767372445114,0.41071471216338645,0.012555863843497378,0.008081668981115888,0.00278807680756135,0.0,0.0020825537616897595,0.001711157055224166,0.0,0.00759311111875286,0.0004427174225576122,0.007777914251814616,0.04157017246777333,0.010158765775048435,0.06449855489437982,0.05746972306753822,0.026564690086363186,0.05725134915729459,0.08451338713876129,0.0,0.052685868171136976,0.022395021355362334,0.07122068104252695,0.057924011438214795,0.0,0.0,0.8215524881291004,0.17844751187089963,0.4812802306870691,0.5187197693129308,0.012379154949549026,0.01483393388991389,0.02955641048022728,0.29293264180634226,0.027718412277860784,0.6225794465961068,0.229131544378393
0,high_school_GED_completed,35-44,lower_middle_class,14,17570046361,0.018552718547377087,0.1535180951478424,0.20007012604148472,0.1685695318126315,0.4592895284506643,0.0,0.0047377556831479095,0.9952622443168521,0.48781945516233577,0.5012320357644616,0.010948509073202667,0.46525105011360646,0.020728156802613685,0.009338061074453645,0.17191439709030373,0.05728104760349186,0.2754872873155306,0.2325101866018918,0.03514878335044138,0.010480092608561559,0.003227326771650742,0.0017840308645728565,0.0010266062837510574,0.007298646876917026,0.0005023085778299388,0.00517909754649167,0.009836216390618777,0.019929258682961765,0.035220876501135145,0.012461856474437791,0.04064727356583667,0.044844705290530334,0.03557630089055859,0.07551305054863196,0.12623845910408638,0.0070725360905039445,0.07571332509132245,0.03775819832055593,0.09355114905379504,0.08847971451291721,0.0,0.0,0.8325401504613594,0.1674598495386406,0.5265466086381717,0.4734533913618283,0.003261193102323653,0.01803511308333081,0.025018535066345805,0.1921159390047212,0.01672100607839711,0.7448482136648814,0.2823946356233522
0,high_school_GED_completed,35-44,middle_class,14,21846670303,0.0273965928765726,0.13046613453989836,0.15054273096932175,0.14442640852078592,0.5471681330934214,0.0,0.0010250347393636868,0.9989749652606363,0.6712153909324275,0.3209367898520073,0.007847819215565153,0.6603342618311495,0.013022265821484623,0.009882956441666589,0.11189330154647503,0.02878514136379147,0.1760820729954328,0.15848268092939324,0.06944220624740574,0.01237856301437681,0.008140240344798872,0.008114193217611629,0.0010872422053597006,0.006214535172499784,0.004553233221372884,0.015683015454897534,0.00913942427979891,0.010674138793955141,0.020557284143127668,0.018791149191445734,0.03505798249240874,0.03641710626679566,0.04351766716914508,0.07708213291289308,0.12253264451161704,0.004423213453572847,0.09244157745735172,0.06027929312501055,0.08996275948422729,0.09502771691093434,0.0,0.0,0.8869515137205666,0.11304848627943337,0.5707553204704029,0.42924467952959705,0.0060475282121988825,0.015527476237576469,0.03592207568089833,0.11178165954491724,0.01896604060267719,0.8117552197217319,0.32891946948149997
0,high_school_GED_completed,35-44,upper_middle_class,14,14610384230,0.018657222199556074,0.08802150311415868,0.14011588263343025,0.1733301656639594,0.5798752263888955,0.0,0.0007793892905717237,0.9992206107094282,0.8198980751240653,0.17853185199907642,0.0015700728768582152,0.7680658292311043,0.007776247100107921,0.00970486277211342,0.08547077628772258,0.01473748592852715,0.11424479868042457,0.09956844392996501,0.1150600427433112,0.03675870891179157,0.012888145173715258,0.016740642829760816,0.0,0.0067218599082660814,0.005827308827729577,0.008456505390618327,0.00794088267451403,0.014617469030107773,0.013864247634505913,0.03875140859317428,0.024818740170805213,0.024783658410330527,0.026931818274295995,0.06723229584770475,0.15177548085605685,0.001299132089971052,0.09083461954922181,0.07257082848121647,0.0766938968449018,0.08586386382803568,0.0,0.0,0.9319966548203503,0.06800334517964966,0.5863248855160327,0.41367511448396727,0.0020063063050601237,0.012430715930596714,0.029958361334621795,0.09611797800063743,0.00860165879429442,0.8508849796347895,0.3657930591603613
0,high_school_GED_completed,45-54,high_income,14,5226514017,0.000739426697686019,0.1012927554155644,0.07719876646032536,0.07504733398287947,0.7457217174435448,0.0,0.0,1.0,0.8794043035281502,0.11200902936371097,0.008586667108138744,0.8364121823419957,0.012723912111149706,0.01160603029145191,0.07570424372976478,0.015189848863271498,0.04836378266236648,0.12616612599816548,0.20148435622190353,0.043880691270324394,0.013901934781704805,0.006242293026265886,0.005179513517412996,0.0,0.0,0.018298128865421925,0.01118998472208632,0.010023115757387626,0.012395864392455528,0.021920661578128126,0.0015744052294196689,0.03900558524035429,0.02266148251296271,0.10189341198891115,0.14049318352760862,0.010666435566549826,0.07285050853428143,0.043815072198246055,0.018732445504125395,0.07762479956628422,0.0,0.0,0.9170310339569496,0.08296896604305042,0.5286197899811353,0.47138021001886465,0.0,0.023456098386275503,0.015202105981456129,0.08123702368710208,0.008027889691585228,0.872076882253581,0.5136661959133133
0,high_school_GED_completed,45-54,low_income,14,15836445160,0.02553907899871135,0.14211572687313875,0.1621779148698798,0.16704711210580797,0.5031201671524621,0.0,0.00502795698122444,0.9949720430187755,0.42400871156112413,0.5380035807227839,0.037987707716092015,0.2917833480503146,0.027589433018944006,0.04457697114899743,0.26635584099733656,0.06649629278291896,0.30319811400148844,0.5350876800560966,0.023481652684231566,0.0020455189073505433,0.0,0.0020144082006848564,0.0,0.0,0.0,0.002180485307853016,0.004369776884953391,0.008532761843630821,0.0158348091674887,0.00688070592226267,0.044717810837290206,0.06438641258806342,0.03427969872753943,0.037371083915653205,0.038649490451681645,0.011304803078672739,0.04186232126604352,0.02650611376221253,0.049938499834390866,0.050555966563900254,0.0,0.0,0.8476880096113691,0.15231199038863089,0.4875030346772596,0.5124969653227404,0.002473117394989925,0.01922659630515211,0.014554493806613857,0.3075356781647833,0.017763199957938035,0.6384469143705228,0.3134594760280154
0,high_school_GED_completed,45-54,lower_middle_class,14,21492805931,0.022474668247168476,0.10796864929827389,0.14000383810565567,0.1502466462204618,0.5793061981284402,0.0,0.006004990247171278,0.9939950097528287,0.6280949290352572,0.3574948500752831,0.01441022088945972,0.46819446624630673,0.016687247451608694,0.0388843942332622,0.2504080343105574,0.044052678651621144,0.18177317910664384,0.25759132705956594,0.04195175385171536,0.01248083902405195,0.0,0.00337439337761822,0.00027049264850127026,0.0014429681773317456,0.0,0.007553700132090957,0.0035782442854087482,0.005475261926143709,0.030091611168700873,0.010292995791718247,0.04017670907056961,0.0590504942013846,0.03735171231607767,0.07270500496848319,0.1062465115690808,0.00371931144107626,0.06788334792971895,0.04234349507094146,0.089396871919301,0.1070229540705194,0.0,0.0,0.8625686408055437,0.13743135919445623,0.5172314303069114,0.4827685696930885,0.0004881981456346683,0.019111304420589847,0.02872343238858234,0.1805570609281281,0.008233408591139994,0.7628865955259251,0.38652265030773847
0,high_school_GED_completed,45-54,middle_class,14,28429170050,0.012656385232744422,0.0756447564321351,0.07917533248565588,0.1171815101932601,0.7153420156562045,0.0,0.001294424843753045,0.9987055751562469,0.798273194331257,0.19968138862358384,0.00204541704515922,0.6792553046408754,0.00880559451998494,0.015419549435633279,0.15980011347534923,0.030009290264173576,0.1067101476639836,0.1700453225858417,0.07079455272384921,0.023389632016359196,0.008385057164199558,0.00869199137946695,0.0014044916517005391,0.0032510395779211288,0.0008992022614462499,0.012718479236786583,0.007393551786081775,0.015157265908295484,0.014473537506593514,0.014136773964669433,0.03698593378388125,0.04543599080550718,0.027071856957006032,0.08146017051946966,0.14381178232813024,0.004190549558445516,0.07634345262921244,0.04160864833266562,0.10858630742897822,0.08376440989349247,0.0,0.0,0.9175236281299742,0.08247637187002581,0.5233273796186674,0.47667262038133257,0.004280588416262964,0.0075524752084699005,0.026095997304712033,0.10701092450639445,0.007554859344196719,0.847505155219964,0.4551871029031324
0,high_school_GED_completed,45-54,upper_middle_class,14,22390923308,0.006425267507776147,0.05532231033802083,0.06544757649526758,0.12332353695362851,0.7494813087053069,0.0,0.0,1.0,0.9148696101639116,0.08318378551788125,0.0019466043182072427,0.8268786423999305,0.0023955710652108497,0.005772940634110273,0.09504342079719655,0.00813566825691885,0.06177375684663303,0.134628020494491,0.11433662010200835,0.028551479910236134,0.012455887690006643,0.009185576457515505,0.0018761813625162366,0.002699354205657306,0.006123315421790287,0.013423558058126684,0.0044909187359894465,0.009380354579882696,0.015272976567152824,0.02456590844574385,0.029403882052723075,0.04510486674031709,0.04146160492043252,0.07064949565678715,0.15487405781792873,0.0024113396869484736,0.06895237064424141,0.04861912785039316,0.08217904986269894,0.07935405273641251,0.0,0.0,0.9411552668071869,0.058844733192813095,0.5356036240236315,0.46439637597636846,0.0013798703865401136,0.005385367960995028,0.025078157397795862,0.07740085757789153,0.006739184709997489,0.88401656196678,0.49837616941919455
0,high_school_GED_completed,55-64,high_income,14,4981662033,0.010469769858833777,0.024576961100323605,0.05962042246794866,0.05742185762604502,0.8479109889468489,1.0,0.0,0.0,0.9689314389505476,0.031068561049452468,0.0,0.8357730748130822,0.0014034926403446767,0.017439654963442196,0.11824374016100582,0.0,0.02714003742212514,0.2651813401328745,0.22525081982011685,0.024490113578927324,0.0006717109626934823,0.018255846221111965,0.0,0.0037774955176289858,0.0014034926403446767,0.004592216382495813,0.0,0.009210827971878196,0.0,0.015411582417959665,0.0022781501283750377,0.007819561773150097,0.034530015657527446,0.08006026289178417,0.15052800110336187,0.0033300460549327677,0.04681288583110913,0.0088618093133497,0.050581621822356974,0.046952199778021356,0.0,0.0,0.9742243251048741,0.02577567489512591,0.5147260984414516,0.4852739015585484,0.0,0.0023498549123675567,0.03452807413681891,0.07103419996295843,0.0011094779138743713,0.8909783930739807,0.6671235776303013
0,high_school_GED_completed,55-64,low_income,14,16934719782,0.010547820176502758,0.09598209057628918,0.13676458487738088,0.15516312970191196,0.6015423746679153,1.0,0.0,0.0,0.5131237071449052,0.4577580803102302,0.029118212544864654,0.2771539400958244,0.017944033199946575,0.10488167899228366,0.34466086531906454,0.03915264288605162,0.21620683950682923,0.6525764325162543,0.02263245869632778,0.00728284710864193,0.0,0.0007128635817659968,0.0008073375394455642,0.0010188776207764475,0.0,0.001306060642556902,0.002797848361822985,0.0073006823018950855,0.016623855110920075,0.009679363704277442,0.0330638070902802,0.030952313102761916,0.03140042125557977,0.04324801770729412,0.03141837490370114,0.0027596130081628534,0.027325054264662293,0.012413171384355416,0.026747781116606372,0.03793281898191139,0.0,0.0,0.8145088710981305,0.18549112890186942,0.4557411095283277,0.5442588904716723,0.0018824338052457065,0.020548096837708866,0.01628794143338486,0.2688669029433604,0.010977615714527328,0.6814370092657728,0.3917668461247173
0,high_school_GED_completed,55-64,lower_middle_class,14,27574861829,0.010422964973762227,0.07695837281651244,0.07531756833014447,0.11001992614916467,0.7272811677304162,1.0,0.0,0.0,0.7271911261913,0.25927380700348823,0.013535066805211805,0.5515241952728771,0.01157810178632464,0.07459900998802571,0.23150178657600554,0.03071687112169718,0.10008003525506985,0.43926594265873303,0.02221582794499231,0.006798967485771042,0.0014482927692496908,0.002767287954993437,0.0012104714869285882,0.0026791264978272833,0.0006279117954379216,0.01521787933525315,0.0021368495829789205,0.013768064237432593,0.013264962605009903,0.01755900801978956,0.025658963928366453,0.06498022898941866,0.030692380989917452,0.06980938667752554,0.08120267455502252,0.00067249011490958,0.03864231714406535,0.015995889942633155,0.059985095419786735,0.07339997986395713,0.0,0.0,0.8894152609028473,0.1105847390971527,0.44722213157313295,0.552777868426867,0.00028096985754800315,0.008890874975923347,0.033081131454325084,0.1404047449814694,0.006209838151207514,0.8111324405795266,0.4618346839223975
0,high_school_GED_completed,55-64,middle_class,14,32337220057,0.014408428157359217,0.05176900101644999,0.06228629926906769,0.07417100628230419,0.7973652652748189,1.0,0.0,0.0,0.8661950621490307,0.1296249976222871,0.004179940228682101,0.7365988045977319,0.010699593731004804,0.036447768636960046,0.14099299543879776,0.020025337702454193,0.05523549989305131,0.31095982568307634,0.05830809215128693,0.016675783077502653,0.0027969571237284295,0.005137519449945338,0.0007930972098032378,0.0061613641076382645,0.004500782619639394,0.011826305610868856,0.0027028717325093595,0.012290068172201138,0.010153364711662234,0.013022465699207274,0.019880477352933024,0.040918939372884267,0.022938719583578706,0.06277983173635673,0.11502704702022803,0.0035365393747025025,0.04600833155656315,0.04520338110151111,0.08382461000735367,0.10303981112559245,0.0015138144192269026,0.0,0.9263532840237306,0.07364671597626936,0.5036800450159363,0.49631995498406367,0.000925650719116792,0.009762347271767524,0.028767540603683625,0.07978367498666647,0.007575962731742869,0.8731848236870228,0.5613031815661865
0,high_school_GED_completed,55-64,upper_middle_class,14,19228910572,0.0032780992851351018,0.04030150003029511,0.0423577696172771,0.06664541728464178,0.8474172137826509,1.0,0.0,0.0,0.9324086463903702,0.0613578493998521,0.006233504209777652,0.8217602747609263,0.01024302870734678,0.029067475918988846,0.08150695590015353,0.013182700759403167,0.044239563953181404,0.23800502471856833,0.08779993695838381,0.023076918650095223,0.008270207841705074,0.012228732726148538,0.0,0.0,0.007351388549585273,0.007793313793773257,0.007454502295555218,0.011413685979671838,0.00920327271466391,0.0149412204567821,0.01799049903033685,0.018579565995809864,0.02205007805368871,0.08087333300433844,0.15317388288699355,0.0004949830602394878,0.0747047619583677,0.05296164674471606,0.07284476329302053,0.07878828128755624,0.0,0.0,0.9457567343144853,0.05424326568551478,0.5173718028251902,0.48262819717480976,0.0016465724816518742,0.008146228015023087,0.02900708024573156,0.05118603762363995,0.006199272213246424,0.9038148094207071,0.6078766644752379
0,high_school_GED_completed,65+,high_income,14,2996071524,0.008522061571451323,0.01656656712044502,0.09430145633599367,0.07756040272688763,0.8030495122452224,1.0,0.0,0.0,0.9820763995218961,0.007890543603724728,0.010033056874379212,0.6266699275901532,0.007803947206435249,0.22484268035785385,0.12165987830402676,0.0,0.019023566541530937,0.6866583295893306,0.08447503771942662,0.0,0.008486543727785852,0.00878943769835049,0.0,0.0,0.0,0.0,0.0,0.0,0.009384556334777274,0.0014067861752421903,0.006262521388324506,0.010977043350451068,0.042365705218724944,0.07268794728546674,0.03182673819238235,0.0,0.008750143576345409,0.0,0.019568023503567067,0.008361186239824894,0.0,0.0,0.9708964775034523,0.029103522496547716,0.37564366203695476,0.6243563379630452,0.0,0.0014067861752421903,0.07123529938799952,0.020595733948840133,0.01979220907277646,0.8869699714151417,0.6848906678504247
0,high_school_GED_completed,65+,low_income,14,28223502019,0.015524457726933933,0.051759560844595695,0.07369443400750926,0.09018632621445984,0.7688352212065013,1.0,0.0,0.0,0.662723963858498,0.30456079731754565,0.032715238823956376,0.32255058790619034,0.013057209156819485,0.3956001771319377,0.17985230665502835,0.019795020285714175,0.06914469886430999,0.9315830861917817,0.003864457568964167,0.001903953200556929,0.0,0.0,0.0,7.57601944138809e-05,0.0001675186515414404,0.0005759978329073423,0.0021256736658552223,0.0008554840920785026,0.000951437492835676,0.002366649679229518,0.010271302788890097,0.008982171944124394,0.006927038780247266,0.012287589249786785,0.005122684452931071,0.00023880913132121685,0.0019730527403194684,0.0010236924170696409,0.004165691837988491,0.004537948087157256,0.0,0.0,0.9055846505084271,0.09441534949157296,0.32940277180136424,0.6705972281986358,0.0003310127847958328,0.008374210678777212,0.03091824290311505,0.14404180392862678,0.008302686670217217,0.808032043034468,0.5475279066572593
0,high_school_GED_completed,65+,lower_middle_class,14,48210965341,0.012284888340460579,0.03253610951170935,0.043066528233033995,0.06462658467762125,0.8474858892371748,1.0,0.0,0.0,0.8412069815683718,0.14562503651071623,0.013167981920911937,0.5539510300219608,0.006826444869381525,0.2887286279074384,0.10516590381749104,0.008547522437795942,0.03678047094593231,0.8968895426001257,0.006442947881316103,0.0006241734797707709,0.0,8.07046067731631e-05,0.0,0.0005488955844967344,0.0007572336447068281,0.0013806656126711637,0.003389791655157308,0.0004781488990513097,0.0025521604914922006,0.0038612819445390245,0.005338824501427442,0.009772354228288673,0.006949118683485189,0.01741447090017106,0.01943627692107448,0.0005800458423141783,0.004963776047779844,0.0009567656169865698,0.005800464562823864,0.011782356295548461,0.0,0.0,0.9114307767787287,0.08856922322127124,0.3936095947836582,0.6063904052163418,0.00020458665223224533,0.008298503922711569,0.025599245135845286,0.081236136826933,0.009137386419959675,0.8755241410423182,0.6554850091774684
0,high_school_GED_completed,65+,middle_class,14,36567276674,0.0070944285600698055,0.034263137754823335,0.04249857934060928,0.06049543176872346,0.8556484225757741,1.0,0.0,0.0,0.9156009585150656,0.07967685778119754,0.004722183703736865,0.68667638246229,0.010074736581681051,0.20173152452025556,0.06978623310536117,0.005760640062916598,0.025970483267495622,0.8264112113245418,0.01959062790993556,0.00479023654295115,0.0,0.0015983685774871384,0.0,0.001594531266843227,0.0010223423071202046,0.0007955083792357777,0.001180809180430465,0.005271914988875007,0.0031708734022963957,0.004718329465389928,0.005033018609527968,0.006839301193512773,0.011121427981240866,0.021886713280156695,0.031088291647605674,0.002226690566155668,0.007140143613309977,0.01006878546856043,0.010371522314366374,0.024079351980456975,0.0,0.0,0.9145821531680848,0.08541784683191526,0.42030349038619796,0.579696509613802,0.0005650014953038611,0.004894766859334207,0.020216445583043037,0.057835537326292714,0.010553460145266709,0.9059347885907595,0.6691299375705869
0,high_school_GED_completed,65+,upper_middle_class,14,12547787407,0.0023837308546775255,0.06021267754174025,0.048564411735255344,0.05718429239562267,0.8316548874727042,1.0,0.0,0.0,0.9578120271861886,0.03852545148559991,0.0036625213282114066,0.7274374062878957,0.00903380558844688,0.2028771920840689,0.048519839733685725,0.009714508386713536,0.002417247919189264,0.7532698259397598,0.03899631282619801,0.006284556905706587,0.0,0.004819791732067556,0.0,0.0,0.0,0.006323688984062176,0.0043293298043681145,0.0019148771190206698,0.0020290948654259422,0.003385747990621818,0.011800159597651367,0.005700425635207768,0.0051874780699334815,0.04490576367955196,0.055390936860490916,0.0,0.011175606539346591,0.007935913143097134,0.013509002623477425,0.023041487684012686,0.0,0.0,0.9481236644448673,0.051876335555132665,0.38322252442031673,0.6167774755796833,0.0030964906990952495,0.00025400223135929004,0.05685108950778385,0.0872637362654992,0.007702262866366716,0.8448324184298956,0.6804297469398463
0,less_than_highschool,18-24,high_income,14,1378635797,0.0,0.10057839590538356,0.030044974960127195,0.011669095663268927,0.8577075334712203,0.0,0.6109643350570855,0.3890356649429146,0.9686052602912356,0.031394739708764434,0.0,0.015384936359664248,0.0,0.0,0.0,0.004610852999633811,0.980004210640702,0.6591663526926393,0.0,0.0,0.0,0.0,0.0,0.0,0.0,0.04417221657272838,0.0,0.0,0.0,0.050429210637999995,0.06739786258429789,0.0,0.012414766856659532,0.06915410379410016,0.03810674807249329,0.012658313412414607,0.005968188275616058,0.0,0.0,0.0405322371010507,0.0,1.0,0.0,0.0,0.5188600611971488,0.4811399388028512,0.0,0.009227168645759457,0.030673914816387145,0.030670737762657992,0.0,0.9294281787751955,0.3360049920421441
0,less_than_highschool,18-24,low_income,14,8666375599,0.01529462974294521,0.3583576234981504,0.18137409070769725,0.15094570943255053,0.2940279466186566,0.0,0.20673501010119327,0.7932649898988067,0.2397512875209045,0.720943457114984,0.03930525536411153,0.08150163028723352,0.0,0.0,0.0011157435873326035,0.009724236624330503,0.9076583895011033,0.5358060339013931,0.004425461320234662,0.0015294442121259369,0.001626787327522106,0.0,0.0,0.0,0.0,0.005338200551259075,0.0011724934932629153,0.0,0.012168507676054164,0.0006339265979464272,0.1025193060063678,0.047030535930964096,0.011235674924040411,0.08216863865006828,0.061827293183764995,0.013167343567842518,0.03101200991461898,0.0075357682405936535,0.04320435869906266,0.03759821580287822,0.0,1.0,0.0,0.0,0.47390339514870594,0.5260966048512941,0.0007881390463607577,0.02629654027761,0.01150671106517778,0.2921619629885603,0.021489720803410564,0.6477569258188806,0.03376039933392229
0,less_than_highschool,18-24,lower_middle_class,14,5330791854,0.00444651632425189,0.25571759024452057,0.14761451892171365,0.1507226554713648,0.44149871903814913,0.0,0.24624919560777883,0.7537508043922212,0.42098995580103926,0.5569612107012123,0.022048833497748496,0.09517981247369108,0.015607113967050045,0.0,0.015001976852649404,0.0,0.8742110967066095,0.5117757073844287,0.0014234836414230027,0.0,0.0,0.0,0.0,0.0,0.0,0.0,0.0,0.0,0.00672396033866979,0.0,0.11531351792299786,0.06235076440859287,0.004780499538896459,0.09677959468871057,0.03208022235414784,0.0,0.07392307293039546,0.005157865051393545,0.04760579946665462,0.04208551227368931,0.0,1.0,0.0,0.0,0.5467780367025376,0.4532219632974625,0.0,0.026519265030752033,0.009533433379483062,0.17783491045306155,0.015688751369507137,0.7704236397671962,0.11698642754772995
0,less_than_highschool,18-24,middle_class,14,5245115520,0.005728038188184652,0.15265139575038378,0.1203033831369266,0.13593195121849289,0.5853852317060121,0.0,0.3907036512705825,0.6092963487294175,0.6624406539286288,0.3193525039845071,0.018206842086864086,0.03955962289272897,0.004593487771266475,0.0,0.010070780481113217,0.007394769448280903,0.9383813394066104,0.5821888443364542,0.003010074409190515,0.00676217994908909,0.0,0.0,0.0,0.0,0.0,0.006945549599639705,0.0,0.0,0.0033635888347412412,0.0,0.098609237304272,0.02026327286686719,0.011876899328997048,0.08055945696311376,0.07809746409550956,0.018779596678930723,0.04343338295054367,0.010816335461759287,0.019732803330135235,0.015561313890756786,0.0,1.0,0.0,0.0,0.6216855149455317,0.37831448505446835,0.002066942083288949,0.04870543613880214,0.013090780505821919,0.11428322516717421,0.028801035253461872,0.7930525808514509,0.11688814091171819
0,less_than_highschool,18-24,upper_middle_class,14,3395622162,0.021276108634374027,0.07866914728894975,0.08470329184993698,0.11727617385011048,0.6980752783766287,0.0,0.45133887985267546,0.5486611201473246,0.8791253274309381,0.12087467256906188,0.0,0.01826961394416768,0.0,0.0,0.0,0.0011304119883995504,0.9805999740674328,0.6114215937314877,0.02177544599262749,0.0,0.0,0.0,0.0,0.0,0.0,0.0,0.002517320123439576,0.0,0.021983648191303093,0.0017347574962611521,0.12731053379195137,0.015372561937001518,0.013034922876675464,0.08794032868018488,0.012502290294570177,0.018123797072802823,0.004708307119359648,0.007791738814785129,0.004994616359203748,0.04878813751834619,0.0,1.0,0.0,0.0,0.5390515121157935,0.4609484878842065,0.0,0.03820663925799881,0.008712730860071469,0.11097061776097573,0.05570099645262004,0.786409015668334,0.2708654700434247
0,less_than_highschool,25-34,high_income,14,248956813,0.0,0.1572225741819727,0.11130834166004527,0.41146652210718976,0.3200025620507923,0.0,0.0,1.0,0.46421787621453847,0.5357821237854615,0.0,0.5469556802207297,0.0,0.0,0.0,0.1746194951491446,0.2784248246301257,0.4232459145434192,0.0,0.0,0.0,0.0,0.0,0.0,0.0,0.01708538098935256,0.0,0.0,0.0,0.0,0.24872239587996334,0.0,0.0,0.15809609114814624,0.0,0.0,0.012713024246498528,0.02825893742462071,0.11187825576799941,0.0,0.0,1.0,0.0,0.0,0.5596687044672283,0.4403312955327718,0.0,0.0,0.22318659742804467,0.0,0.0,0.7768134025719553,0.04534431841397327
0,less_than_highschool,25-34,low_income,14,7149394047,0.020347225938825077,0.29257216125578034,0.2755025125278285,0.1714471531352145,0.2401309471423516,0.0,0.025483740272569146,0.9745162597274308,0.22914393642737202,0.7345121394174009,0.03634392415522708,0.23931274647226058,0.0332291656381267,0.00450034461500986,0.06931163952390272,0.03917642826213073,0.6144696754885695,0.41212644143406524,0.005012192608831874,0.013263530080537468,0.0,0.0,0.0,0.0035841872516108636,0.0,0.004843801834440977,0.0,0.0,0.049349309840887555,0.003729356477586806,0.07472485716802454,0.0635678766637158,0.0037784846970821888,0.0916288764744876,0.02217289436809245,0.019470033276234103,0.07905577427742527,0.03182229885558859,0.06291091805028326,0.05895916664110541,0.0,1.0,0.0,0.0,0.47070832952788844,0.5292916704721116,0.0,0.048638317277520174,0.017422940627012832,0.31228663776573623,0.014417758109619552,0.6072343462201112,0.0919822202660583
0,less_than_highschool,25-34,lower_middle_class,14,5661126151,0.022011189766189685,0.2544274147195205,0.2159404894702902,0.1501634823752932,0.35745742366870636,0.0,0.01043854304316491,0.9895614569568351,0.44669423990018414,0.5242011087274214,0.029104651372394406,0.3909009970761911,0.03430330199684681,0.0,0.06158817745801545,0.04747578040678783,0.4657317430621588,0.36167716623631907,0.04167693736312925,0.010628058692769449,0.0,0.0,0.0,0.0,0.0,0.006768012578774982,0.0,0.0,0.010624937405674145,0.0,0.058092169866574665,0.09273847799827982,0.015781290792154262,0.04921667572286537,0.06501116989505504,0.005121530633066439,0.11853063014352178,0.038691378209494344,0.06279555313163344,0.058940845884711324,0.0037051654459766517,1.0,0.0,0.0,0.5554759056984667,0.4445240943015333,0.0,0.05013607954132305,0.017750933527995852,0.18622042132266908,0.007474561928376289,0.7384180036796357,0.10134115875489877
0,less_than_highschool,25-34,middle_class,14,3767708677,0.003825286197943483,0.21416742486643162,0.2244916097582881,0.15062456645450456,0.4068911127228322,0.0,0.035062257017489676,0.9649377429825103,0.5638523540762597,0.4288745756443738,0.007273070279366506,0.4658908266224215,0.018358583672418046,0.009271509289782598,0.04441706255624073,0.020864355431692523,0.4411976624274446,0.27258411890214196,0.026694025632598026,0.009271509289782598,0.00924123731023804,0.0,0.007201749213159773,0.016568941325290264,0.0,0.0,0.007329058949957664,0.0,0.0,0.006076030808790687,0.04570167673820924,0.0314449794707416,0.027965915900880572,0.09178246081258792,0.0695753311821141,0.011712234884130347,0.145656269379343,0.04945140375034362,0.0803576305801522,0.09138542586953838,0.0,1.0,0.0,0.0,0.5869164100980199,0.4130835899019801,0.0,0.04428746734550146,0.005356452350787736,0.09820106428573538,0.0017529210897639686,0.8504020949282115,0.10804329684112676
0,less_than_highschool,25-34,upper_middle_class,14,1306007727,0.0,0.19371237686406123,0.21715063099316564,0.1750271045678124,0.4141098875749607,0.0,0.0,1.0,0.6476858838676687,0.3210632512590027,0.03125086487332858,0.43546870760589307,0.045829548908939956,0.0,0.034386094409378634,0.0,0.48431564907578833,0.18243358754645408,0.0158470471285351,0.0,0.030883885421299655,0.0,0.0,0.0,0.0,0.0,0.0,0.019678403480073745,0.0,0.044282984552357095,0.0614668476613079,0.0,0.027981654506704156,0.059727416911370235,0.09692122518353216,0.0357183973996503,0.12777043469973282,0.07306452942601924,0.15543148160868422,0.06879210447427928,0.0,1.0,0.0,0.0,0.7311261803889771,0.26887381961102286,0.024184979420110275,0.0,0.0,0.1894204604503079,0.045468259316049205,0.7409263008135326,0.05199983169777984
0,less_than_highschool,35-44,high_income,14,270010340,0.0,0.10626900066123393,0.0,0.35583794679863,0.5378930525401361,0.0,0.0,1.0,0.5875531174102444,0.41244688258975565,0.0,0.5963707723193119,0.11180284429107419,0.0,0.10390183205576498,0.0,0.18792455133384892,0.055193908499948555,0.09206907409545871,0.0,0.0,0.0,0.0,0.0,0.0,0.0,0.0,0.0500576237191509,0.0,0.0,0.0,0.10390183205576498,0.11180284429107419,0.0,0.0,0.10626900066123393,0.24496918155060285,0.0,0.04733103554478692,0.18840549958197897,0.0,1.0,0.0,0.0,0.3985692177566237,0.6014307822433763,0.0,0.0,0.0,0.0,0.0,1.0,0.2096271979806403
0,less_than_highschool,35-44,low_income,14,5755119117,0.04164582732823391,0.2886626720014768,0.21940532738412127,0.14991558166909788,0.3003705916170701,0.0,0.001856156542172227,0.9981438434578278,0.2296207065630402,0.7247774897792789,0.04560180365768092,0.3406772497911445,0.03341485103791293,0.009963806106222075,0.17305663631844512,0.07867274921600897,0.3642147075302664,0.49048392389686135,0.023148272744951424,0.0,0.0,0.0,0.0,0.0,0.0,0.0017441722396933665,0.0,0.0,0.01870493221973741,0.0,0.08216848676565802,0.07661982819738047,0.03610609785402987,0.020101151452848375,0.016870117199348316,0.021069776408591406,0.052990260983333176,0.03676859969325983,0.06801852334275499,0.055205857001551964,0.0,1.0,0.0,0.0,0.5115261488340103,0.4884738511659897,0.0016629318708156983,0.01427863773614401,0.005372603654486619,0.2618928156582932,0.03713462269941754,0.6796583883808429,0.10702321524164554
0,less_than_highschool,35-44,lower_middle_class,14,5758520642,0.029679507746045167,0.14238054805604358,0.17660518321017768,0.1707266631692661,0.4806080978184675,0.0,0.009975682223142754,0.9900243177768573,0.47828671827829494,0.4928397870627968,0.028873494658908268,0.47010404690670554,0.02035468018384851,0.0135784186358049,0.1022360699215151,0.0739181241958983,0.31980866015622766,0.2597962266712319,0.002300785188363661,0.005751754844538768,0.0,0.0006992571964804984,0.0,0.0,0.0,0.0,0.0006370436485447611,0.0021027221664685317,0.01639219217372044,0.02022724311352742,0.10895300737900872,0.13633562677085911,0.017590565406885278,0.03971832076659247,0.04268866194679866,0.018015761937768878,0.10617030206349307,0.029010008018653204,0.11472215158554258,0.07888836912152203,0.0,1.0,0.0,0.0,0.6096427388650837,0.3903572611349163,0.01616600786685172,0.031448267924781365,0.01354108456801812,0.16348342613095734,0.01472011550705491,0.7606410980023366,0.18625764926102353
0,less_than_highschool,35-44,middle_class,14,4019121465,0.029319581661361907,0.14600691571783586,0.10948855883856698,0.1637668696335357,0.5514180741486996,0.0,0.0,1.0,0.6706154928313419,0.3208084202550967,0.008576086913561345,0.7091526720006707,0.003224062799007743,0.0,0.10025434152933718,0.013453367973789267,0.17391555569719513,0.2518392304921295,0.05451767305569602,0.01043778581098444,0.009628533334212132,0.007779256554516697,0.0,0.0,0.0,0.006747371592562705,0.014725678115329117,0.004684368751716739,0.0009549228689459376,0.0,0.04795225864118043,0.03929155273738411,0.019827887436091707,0.04089285666811764,0.02695879284653568,0.0,0.1611289073095978,0.04706708111395683,0.10789044391321972,0.14767539875782282,0.0,1.0,0.0,0.0,0.6355783930008694,0.36442160699913057,0.0,0.02822398899556523,0.05492418254146992,0.10612815081964685,0.008718481216640712,0.8020051964266773,0.13349484176388285
0,less_than_highschool,35-44,upper_middle_class,14,1441092168,0.026633843311540364,0.184480222641804,0.15135386954653132,0.12220363479208084,0.5153284297080435,0.0,0.0,1.0,0.7207132632199553,0.27928673678004473,0.0,0.712798614002321,0.06858604549712603,0.0,0.07574965600673503,0.05892109601694817,0.08394458847686972,0.16193040402395692,0.045978289571829804,0.032428138211906515,0.03430390165023782,0.0,0.0,0.0,0.0,0.0024896041208656407,0.01365598220363099,0.0,0.0,0.0,0.06722728160715394,0.025115000139255494,0.04986750299235545,0.08478652282842744,0.0663561110964278,0.003361952904597286,0.06530780965287988,0.05977666447216442,0.14040502022907392,0.14700981429523666,0.0,1.0,0.0,0.0,0.6306078328502858,0.3693921671497142,0.0,0.009852530820221625,0.06748913369987866,0.22723488911501738,0.03716889189283277,0.6582545544720496,0.32275892224542296
0,less_than_highschool,45-54,high_income,14,459947772,0.0,0.06749698528814702,0.06955961730367943,0.0,0.8629433974081736,0.0,0.0,1.0,0.8476834713311754,0.15231652866882459,0.0,0.8595890839536451,0.0,0.0,0.0,0.0,0.14041091604635494,0.10145486909761572,0.15455770704331187,0.0,0.03624611100409896,0.0,0.0,0.0,0.0,0.0,0.0,0.0,0.0,0.015259926076998151,0.0,0.0,0.044517443602270564,0.06621905975881105,0.1345947926452832,0.0,0.21201805060597184,0.0,0.09624172067953837,0.13889031948610026,0.0,1.0,0.0,0.0,0.6245666953681863,0.37543330463181374,0.0,0.0,0.0881328152188549,0.02336883153768163,0.0,0.8884983532434635,0.16308826472584806
0,less_than_highschool,45-54,low_income,14,8662688281,0.020332453308555105,0.1851927511369262,0.1715028937678105,0.14255232151299893,0.48041958027370923,0.0,0.00043054452371099925,0.999569455476289,0.3486056131817079,0.5906168443370772,0.060777542481214905,0.30806256908183904,0.029038459060304722,0.055875178039319316,0.2520063770259541,0.08202434948034118,0.27299306731224166,0.6239669250081838,0.0005827264973936328,0.00726495447585643,0.0,0.0,0.0,0.00037333860980469927,0.0,0.0,0.005856364601190941,0.005996755431444804,0.011995409811514606,0.0,0.06261405956274187,0.06292511508183633,0.00849596471818377,0.04439757931074976,0.010069894491220236,0.00804123370718342,0.04856146502727887,0.01883245520421376,0.028773367332943743,0.05125239112825928,0.0,1.0,0.0,0.0,0.4851317127752943,0.5148682872247057,0.0,0.01936956341462981,0.009262072972887572,0.22974740270467778,0.007195098216417052,0.7344258626913878,0.14160900960624095
0,less_than_highschool,45-54,lower_middle_class,14,8082568817,0.03880868460287679,0.08328474266549508,0.1728590851044034,0.1808240727781978,0.5242234148490269,0.0,0.0,1.0,0.5247317797133455,0.45910509913571207,0.016163121150942376,0.5042472098013935,0.0057863897059102515,0.04659647947665597,0.1836299433514616,0.07638719100064051,0.18335278666393814,0.40977955214358924,0.014231186347349104,0.0,0.0,0.0,0.0,0.0,0.0031905420892626097,0.0048475942348416385,0.004280744251410189,0.0015006193296479545,0.024649477599369012,0.006937349284557289,0.03600418042688717,0.08751701792036842,0.03378486260774636,0.04029364554434823,0.03299983644296387,0.007499760332693249,0.10046347929535977,0.025093064295774126,0.08383604610637985,0.08309104174745191,0.0,1.0,0.0,0.0,0.525386888642188,0.47461311135781203,0.0,0.026829774408340803,0.03450831478395317,0.1654040114311346,0.01078129304840783,0.7624766063281636,0.2065252097191021
0,less_than_highschool,45-54,middle_class,14,6359690560,0.011090297135463145,0.07518018816940679,0.0944078944306372,0.14760647631258336,0.6717151439519095,0.0,0.008277045479395149,0.9917229545206049,0.687284966896251,0.31174002623171654,0.0009750068720324657,0.6560742280831978,0.009870372844052337,0.03279940950460332,0.12576754048863661,0.03690096472240939,0.13858748435710055,0.23293883185410832,0.011659872331901633,0.0027981130264300154,0.0,0.010052837382075394,0.0,0.0,0.0,0.0,0.0,0.0,0.031697652126017904,0.004087841028542118,0.038909927718244204,0.0724846247865242,0.03915951266031409,0.04713088744997052,0.04348519088953913,0.01078436841430222,0.15366262615771042,0.07852346262582939,0.09140095253313708,0.13122329901535335,0.0,1.0,0.0,0.0,0.6502374159537725,0.34976258404622756,0.0,0.02979645333561638,0.061950809443156306,0.0992733034797215,0.02655568496716293,0.7824237487743428,0.250794809110964
0,less_than_highschool,45-54,upper_middle_class,14,2400253588,0.0,0.08197514086999044,0.07146923844115091,0.19827118866908658,0.648284432019772,0.0,0.0,1.0,0.8518673002812734,0.14813269971872656,0.0,0.7302127703349984,0.0,0.01650360828457597,0.1808181657012484,0.0,0.07246545567917718,0.1870021206275976,0.06596786555871195,0.0,0.0,0.0,0.0,0.0,0.0,0.0,0.0,0.0,0.02362302145218166,0.01903751846406989,0.013719834089463718,0.05994516567721927,0.015157437189924117,0.06488066543408913,0.09518706654257067,0.0,0.12811719417373493,0.047815856446914724,0.09788442070230123,0.18166183364122107,0.0,1.0,0.0,0.0,0.6258735654059566,0.3741264345940434,0.0,0.025885751951639203,0.012805255725337968,0.09449349232677827,0.014463975462246034,0.8523515245339985,0.3468572850644979
0,less_than_highschool,55-64,high_income,14,426096590,0.0,0.0,0.22697299924413852,0.007111692679821728,0.7659153080760398,1.0,0.0,0.0,0.9198004964085725,0.08019950359142747,0.0,0.7838663106879123,0.0,0.0,0.1543869079074301,0.0,0.061746781404657565,0.3788109616178811,0.19868076156159803,0.0,0.0,0.0,0.0,0.0,0.0,0.0,0.0,0.0,0.0,0.0,0.0,0.08256167926619642,0.10505924020654565,0.0,0.10953464565393495,0.011423001531178647,0.11392971016266523,0.0,0.0,0.0,0.0,1.0,0.0,0.0,0.22719507799862937,0.7728049220013706,0.0,0.04651161371650498,0.16687065953754757,0.0,0.02870873244960726,0.7579089942963402,0.44530215789804845
0,less_than_highschool,55-64,low_income,14,11624935531,0.020087798369055748,0.11243076475690092,0.13045265102382442,0.15174079841527166,0.5852879874349473,1.0,0.0,0.0,0.41917946383491217,0.5484424264546057,0.03237810971048215,0.32177091279561093,0.013417278021376065,0.11127099152942391,0.2661695929193536,0.07883242006428294,0.20853880466995253,0.7755306196717006,0.012472070370916537,0.0015459641863883986,0.0,0.0,0.0,0.0029532885501556594,0.0,0.000857275721953421,0.0,0.002736652682087033,0.008155323850802008,0.0038405040510499497,0.013765331220399007,0.030961702887743955,0.020432398129572045,0.02384612432996038,0.012051110444992626,0.0007095039777214572,0.024810797722780078,0.00908295462959157,0.03194249525167539,0.024305882320509876,0.0,1.0,0.0,0.0,0.5224761535927007,0.4775238464072993,0.0,0.0203727413686248,0.01741836747911682,0.2882380009819944,0.023724767441895243,0.6502461227283687,0.2539115811118901
0,less_than_highschool,55-64,lower_middle_class,14,10001767757,0.009654479722588904,0.060457635159224386,0.09235443827952503,0.09173080512271287,0.7458026417159488,1.0,0.0,0.0,0.7217176436583399,0.2659524635670862,0.01232989277457385,0.6248962846218585,0.00958158600842625,0.04278699549891978,0.13954496914039874,0.04434534322091038,0.1388448215094863,0.5320615090542938,0.0086328348245809,0.0,0.0,0.002989549320326215,0.0,0.0,0.0,0.006527944817985239,0.006665193655725874,0.003331565260219029,0.012208070609772309,0.011080514434304516,0.016028287188312486,0.12009622670545679,0.01672169671035884,0.017171429108599326,0.0322608991569689,0.014143324103981192,0.05570872495115065,0.019102170900367567,0.06772720857529506,0.057542850622301245,0.0,1.0,0.0,0.0,0.5232792842382333,0.4767207157617667,0.004726515166972798,0.007017310010110846,0.023228880198442704,0.18145361191073694,0.0321550727645035,0.7514186099492332,0.36015658786707017
0,less_than_highschool,55-64,middle_class,14,5982707549,0.021649239401924175,0.043990365372947295,0.07649482450073877,0.13302816751138508,0.7248374032130047,1.0,0.0,0.0,0.8271163312716358,0.17186906439574656,0.0010146043326176965,0.7244292067601448,0.03042872888386943,0.06932629241911152,0.07868528122834373,0.023872996102554434,0.0732574946059761,0.397514407234817,0.023921669884051356,0.0053832333832502365,0.0,0.0,0.0,0.0,0.0,0.001073064987285408,0.0,0.006296517536829377,0.019146522383355763,0.004305086917428395,0.011367632036663338,0.1178783780126238,0.03314192150895658,0.037573228034115294,0.028047937430611652,0.023381445416529083,0.06285509410582088,0.03276975339247023,0.09227319461608535,0.10307091311910624,0.0,1.0,0.0,0.0,0.5065496919545315,0.4934503080454685,0.007436189991843441,0.025323630941198796,0.04207319477651439,0.10486823313047756,0.010406153817497925,0.8098925973424679,0.40992428226078415
0,less_than_highschool,55-64,upper_middle_class,14,1929665025,0.017561066589782855,0.032910612037444165,0.07010601334809392,0.08089110543940133,0.7985312025852778,1.0,0.0,0.0,0.8863428293726783,0.1136571706273217,0.0,0.7844265250130654,0.012244316860124466,0.0653104095100651,0.11647150468512016,0.0,0.021547243931624868,0.3893403840907569,0.08392768376988125,0.011094628198487454,0.0,0.018695676468510385,0.0,0.0,0.0,0.0,0.0,0.0,0.01614868725726114,0.0,0.014864776854210745,0.1247412913026187,0.043748525213592446,0.01951155537992922,0.06634478437520523,0.011921157663102692,0.026932260950317012,0.04428159752752942,0.08591500952347934,0.04253198142511807,0.0,1.0,0.0,0.0,0.5079783637577201,0.4920216362422799,0.0,0.0028272425158350992,0.14203724503945964,0.08115855963135363,0.0,0.7739769528133517,0.4759446780147762
0,less_than_highschool,65+,high_income,14,590619987,0.010560451961135545,0.019474384973700527,0.15820723825250432,0.01629777219171555,0.795460152620944,1.0,0.0,0.0,1.0,0.0,0.0,0.5446473300606401,0.0,0.3524918248321996,0.10286084510716025,0.0,0.0,0.7171355513236297,0.048869023458903024,0.0,0.0,0.0,0.0,0.0,0.0,0.0,0.0,0.0,0.0,0.0,0.0,0.0,0.0,0.0,0.02144838014091792,0.04513078389946191,0.059064677403137054,0.02780985466379078,0.0660224964584546,0.01451923265170503,0.0,1.0,0.0,0.0,0.5275484336089696,0.47245156639103036,0.009890413681513287,0.0,0.0424235744666731,0.1113517904025825,0.0925047614414715,0.7438294600077596,0.5015152187865257
0,less_than_highschool,65+,low_income,14,23675627107,0.017875647394145284,0.06657214315282044,0.06515813059684038,0.0855882948672089,0.764805783988985,1.0,0.0,0.0,0.5610329929580944,0.41373040928254384,0.02523659775936173,0.27297534159461284,0.015225039758014465,0.44841381814385406,0.1608291148019558,0.028510633570522217,0.0740460521310406,0.947524617008659,0.002187662475250185,0.0,0.0,0.0014289244313193939,0.0,0.0,0.0,0.00011713117407479702,0.0,0.0,0.0,0.0008005231673207227,0.004945478253684003,0.007205993582723646,0.007863339254272872,0.007688514613671221,0.0069208932569965066,0.0,0.001573752147371156,0.0,0.0038870418335314426,0.007856128801125064,0.0,1.0,0.0,0.0,0.3753549903382502,0.6246450096617497,0.00043950856942342364,0.013380019737949828,0.034494931572838276,0.22472739906546796,0.011624256023133182,0.7153338850311873,0.4339378015445443
0,less_than_highschool,65+,lower_middle_class,14,19469558969,0.0011486551922212677,0.032018245764712266,0.03277417937488977,0.057972872256488145,0.8760860474116885,1.0,0.0,0.0,0.8255829121549734,0.1554525212316842,0.01896456661334248,0.5455445520318093,0.008934457543541083,0.3262825705561569,0.06814718407913413,0.01963448856795725,0.03145674722140133,0.9244216747619745,0.003611508206834924,0.0,0.0,0.0,0.0,0.0,0.0,0.0,0.0,0.0,0.0007309870769369044,0.004289471227004865,0.008589027633664422,0.013107430445976221,0.006115224191239871,0.003250795516260777,0.007167654091302082,0.0,0.0031255391093805316,0.005899936109641622,0.004127894839732361,0.015562856790051,0.0,1.0,0.0,0.0,0.4628572310419858,0.5371427689580142,0.000250968499480652,0.015253501451823257,0.03554675743307537,0.13809742954532356,0.012301147775423963,0.7985501952948731,0.453544819996174
0,less_than_highschool,65+,middle_class,14,8489701401,0.017685629435955707,0.039777635755271955,0.037503175313385796,0.056047050599913086,0.8489865088954734,1.0,0.0,0.0,0.8614516693294476,0.1223938244609647,0.01615450620958771,0.597001740297132,0.0068065408040374024,0.25722617720604096,0.09275964121744498,0.017329968281648872,0.02887593219369577,0.8444552926390962,0.012885803614614078,0.0,0.0,0.0,0.0,0.001355610457470788,0.0,0.0,0.0,0.00084184386027501,0.003271078768062316,0.003195497429014936,0.004310136396044491,0.018526019063694513,0.012196964664481962,0.02105026485135858,0.010599703187370088,0.0028100974195853228,0.022193454292492143,0.003104897776133222,0.01820750362100986,0.020995831959296492,0.0,1.0,0.0,0.0,0.4949696094735476,0.5050303905264524,0.0,0.011866632905149452,0.03202873236130204,0.12441636190827438,0.015585449564152462,0.8161028232611217,0.43711808810647707
0,less_than_highschool,65+,upper_middle_class,14,2576672862,0.0,0.060696109819159495,0.11462643293054561,0.07436234448919345,0.7503151127611014,1.0,0.0,0.0,0.9322809497576026,0.06298155943398918,0.004737490808408258,0.46252148054020215,0.03565129526326342,0.287933130333097,0.12144056958674951,0.01479347322749115,0.0776600510491968,0.877014370480066,0.02720425632363415,0.0,0.0,0.0,0.0,0.0,0.0,0.0,0.0,0.0,0.0,0.0,0.0,0.0,0.022802671175880144,0.009054736184821898,0.011266820258069687,0.0,0.003133909670524562,0.018471655716145778,0.0016634583548464446,0.029388121836011326,0.0,1.0,0.0,0.0,0.3926654349185287,0.6073345650814713,0.0019290609503846282,0.0,0.13832259238503208,0.08128708230249526,0.00967249951189186,0.7687887648501962,0.3921675385736259
0,masters_and_above,18-24,high_income,14,113693379,0.0,0.5609989830630331,0.0,0.0,0.4390010169369669,0.0,0.0,1.0,0.4390010169369669,0.5609989830630331,0.0,0.0,0.0,0.0,0.0,0.0,1.0,0.0,0.0,0.15659159008722925,0.2320251120340086,0.0,0.0,0.0,0.0,0.0,0.0,0.5744779825745174,0.0,0.0,0.0,0.0,0.0,0.0,0.03690531530424476,0.0,0.0,0.0,0.0,0.0,0.0,1.0,0.0,0.0,0.6710261289709756,0.3289738710290245,0.0,0.0,0.0,0.0,0.0,1.0,0.7679748879659914
0,masters_and_above,18-24,low_income,14,287316955,0.0,0.6977911832596165,0.14604114470028404,0.1561676720400994,0.0,0.0,0.7374386207037451,0.2625613792962549,0.0,1.0,0.0,0.08845242008081285,0.0,0.0,0.0,0.0,0.9115475799191871,0.7374386207037451,0.0,0.09937917864958579,0.0,0.0,0.0,0.1631822006466691,0.0,0.0,0.0,0.0,0.0,0.0,0.0,0.0,0.0,0.0,0.0,0.0,0.0,0.0,0.0,0.0,0.0,1.0,0.0,0.0,0.7355572315598291,0.2644427684401709,0.0,0.1561676720400994,0.19596472474100946,0.0,0.0,0.6478676032188911,0.025177689217818697
0,masters_and_above,18-24,lower_middle_class,14,273923655,0.0,0.06893080117523986,0.8798535051673431,0.0,0.051215693657417065,0.0,0.0,1.0,0.16745903525564448,0.8325409647443555,0.0,0.507903426595268,0.0,0.0,0.0,0.0,0.49209657340473206,0.0,0.11601944709740383,0.12034629867946235,0.0,0.0,0.13641806509919707,0.0,0.0,0.24696812694033307,0.12843589576080972,0.05339173062654994,0.051215693657417065,0.0,0.0,0.0,0.0,0.0,0.14720474213882698,0.0,0.0,0.0,0.0,0.0,0.0,1.0,0.0,0.0,0.4065335138726884,0.5934664861273117,0.0,0.0,0.0,0.051215693657417065,0.12087899455050714,0.8279053117920758,0.3562112041765798
0,masters_and_above,18-24,middle_class,14,450066533,0.0,0.24117965465341543,0.4200938286606616,0.1450832337271343,0.19364328295878866,0.0,0.07804488319952464,0.9219551168004754,0.39434234049124467,0.6056576595087554,0.0,0.10460176562383944,0.0,0.0,0.0,0.08922884741576642,0.8061693869603942,0.07804488319952464,0.0,0.09415433695444313,0.0,0.012042210656885257,0.08255773374733465,0.03799040085479984,0.0,0.2251061622482381,0.10544301457758025,0.0666113647690396,0.0,0.09740819364589369,0.0,0.0,0.0,0.11429223509938252,0.08634946424687837,0.0,0.0,0.0,0.0,0.0,0.0,1.0,0.0,0.0,0.3115873203573659,0.6884126796426341,0.0,0.0,0.17178658116310105,0.2593754688265168,0.10544301457758025,0.4633949354328019,0.38566187946260827
0,masters_and_above,18-24,upper_middle_class,14,377761827,0.0,0.3578884745281582,0.16762534082089772,0.0,0.4744861846509441,0.0,0.012638775701389224,0.9873612242986107,0.5545030970003224,0.44549690299967765,0.0,0.16762534082089772,0.0,0.0,0.0,0.0,0.8323746591791022,0.1435744988600979,0.0849276441052367,0.18104580217418315,0.10137786897139292,0.08826526032234591,0.08331770112918264,0.0,0.0,0.21347613029201068,0.0,0.012013556361797245,0.0,0.0,0.0,0.0,0.0,0.09200153778375283,0.0,0.0,0.0,0.0,0.0,0.0,0.0,1.0,0.0,0.0,0.30883249884324604,0.691167501156754,0.0,0.0,0.0,0.08001691234937827,0.13093572315870866,0.789047364491913,0.21726644974109574
0,masters_and_above,25-34,high_income,14,6868136520,0.015048318375593384,0.21281440660704865,0.316428715223034,0.12753456144171113,0.32817399835261285,0.0,0.009491599622425677,0.9905084003775744,0.6755626248093275,0.32443737519067256,0.0,0.6299305174557014,0.0006111213700801625,0.0,0.023483391969616817,0.0,0.34597496920460163,0.04365220771703589,0.11792641055422702,0.09912879745727593,0.05233172942229168,0.06115594830954234,0.03296115916461136,0.030574994015989652,0.10498163787227689,0.1336824064761019,0.029497035390903967,0.23066547401710646,0.003808861097012673,0.007518816617815279,0.0,0.0,0.008788336810754018,0.03217910001590941,0.005612601160117883,0.0,0.0,0.0006772419252959171,0.004327782494340984,0.0005294594813907397,0.0,1.0,0.0,0.0,0.4482893164738665,0.5517106835261335,0.0012904886171365738,0.0,0.12577410211409135,0.061706029978565426,0.02203167534008191,0.7891977039501248,0.48877579212709066
0,masters_and_above,25-34,low_income,14,1609101555,0.037751550118910925,0.4286643946472353,0.2808089312920961,0.10372177783396648,0.1490533461077912,0.0,0.12032451301683068,0.8796754869831693,0.1741110976677914,0.7180160428096783,0.10787285952253026,0.37451691729923164,0.0,0.0,0.04722658912600454,0.02811205598517988,0.550144437589584,0.2724271048262084,0.07777541237911488,0.06850845843598728,0.025900250279728306,0.04489945508753175,0.015693671988279197,0.03052419211663741,0.055404552759878475,0.19001099840463456,0.01763788737374006,0.11263223035043304,0.0,0.021219967685631873,0.0,0.0,0.0,0.003946173552731419,0.037368120000356345,0.0,0.011515908329353395,0.0,0.014535616429753559,0.0,0.0,1.0,0.0,0.0,0.5048666894116575,0.4951333105883426,0.0,0.0,0.05545183939617782,0.08816508414846445,0.08682226088582706,0.7695608155695307,0.4242704656388204
0,masters_and_above,25-34,lower_middle_class,14,3100904919,0.003912085767503019,0.35703776282087285,0.3200892394082464,0.15005888995463262,0.16890202204874505,0.0,0.062400454723520016,0.93759954527648,0.309971090087461,0.6565924232390178,0.033436486673521254,0.3118177236185035,0.008917980951482376,0.0,0.07148637213664918,0.009407823768233379,0.5983700995251315,0.12513104856021545,0.08292231097589484,0.05810534753774564,0.022932126542897075,0.003908982479833333,0.007482202971731943,0.14879343032187953,0.04426418274194108,0.19628020364980434,0.05138553298544398,0.09760226027749418,0.00877218512355167,0.010607754464979776,0.02247783044650006,0.0036293950617580996,0.0,0.028197903929346502,0.07631250785861325,0.0,0.0010182995230367461,0.0,0.010176494547332491,0.0,0.0,1.0,0.0,0.0,0.39379312197479216,0.6062068780252079,0.0,0.011287983964141662,0.04510174341143673,0.15239807647904216,0.011568170884635886,0.7796440252607436,0.3958673826077413
0,masters_and_above,25-34,middle_class,14,8112205621,0.017177889899544004,0.292213520311112,0.284693393128675,0.18692360337546232,0.21899159328520673,0.0,0.026266215374078965,0.9737337846259211,0.49564882817952427,0.5008896169349206,0.0034615548855550884,0.42198968689085203,0.027325005104182135,0.0034615548855550884,0.037769369554297695,0.0091309210417757,0.5003234625233374,0.0571784540075331,0.08213517027664602,0.08960954627656374,0.0378960199436,0.023655865367025068,0.0312190495201946,0.08936142140226452,0.04224738868955748,0.23798054440365868,0.022920577175542477,0.14627409183616402,0.0,0.017016131055980786,0.012956884466526025,0.0,0.015794891055067352,0.013322505376371056,0.06103143844361388,0.009119385831208826,0.002600647097182351,0.0011099012303992979,0.0,0.006570086544900709,0.0,1.0,0.0,0.0,0.3438725850068045,0.6561274149931955,0.005221054048526318,0.0008003453442048791,0.06442598750789234,0.11692560338270548,0.01802082205874599,0.794606187657925,0.5117352532649764
0,masters_and_above,25-34,upper_middle_class,14,12782386323,0.028289289250266702,0.254699584156826,0.2685241865850936,0.20092193797794983,0.24756500202986392,0.0,0.006577307075183758,0.9934226929248162,0.6851306472596588,0.3055027224434171,0.009366630296924097,0.6864457491174201,0.0,0.0,0.020984127706840237,0.011961910251834282,0.28060821292390536,0.05216635979779251,0.12105098139741148,0.10624836808102783,0.05050101637426469,0.026094474190615495,0.035178051315105756,0.05435070349500655,0.07080860092386679,0.23685756278170658,0.011442964271609584,0.15311125704896283,0.0017625626726256159,0.0043347347357434425,0.0,0.0,0.007938726340746664,0.03443384348414048,0.02608250130885987,0.0,0.0,0.005142293257224377,0.0024949985232894296,0.0,0.0,1.0,0.0,0.0,0.37730934655932635,0.6226906534406736,0.0,0.004286257559076905,0.06476967195947579,0.06073620600897246,0.022787673024393225,0.8474201914480816,0.5492484387963839
0,masters_and_above,35-44,high_income,14,13474043732,0.003507467167244014,0.11190284973018967,0.15133636668828945,0.18055211971906637,0.5527011966952105,0.0,0.00302185994122169,0.9969781400587783,0.9117520614708956,0.08383284457637234,0.004415093952732022,0.9023399573897123,0.004449386553319523,0.00020666587220484464,0.01931469736749701,0.0072855130911341475,0.06640377972613218,0.06343156041346297,0.19857175531096904,0.08735446421363893,0.05842512957935529,0.0299133430183823,0.0317822513803312,0.02011542395074067,0.10835240266681954,0.1025463890041054,0.017377834646915186,0.20708889272588268,0.004549527240617093,0.004748176736881026,0.004038312334609246,0.003476459475098281,0.0018473278323184828,0.04008477979905075,0.01177825292514792,0.0,0.0020234856396709223,0.002092829039364736,0.00040140206663832727,0.0,0.0,1.0,0.0,0.0,0.4795836444892429,0.520416355510757,0.0011893120817132287,0.0035986376446770466,0.150452127610773,0.04225362848184053,0.020945832120889837,0.7815604620601063,0.6263515504225914
0,masters_and_above,35-44,low_income,14,848560341,0.004705124440879332,0.3476529502337418,0.24454893420478627,0.06158281795071542,0.34151017316987714,0.0,0.04039131378636985,0.9596086862136302,0.40036523106846444,0.57793588423195,0.021698884699585554,0.1835805840471161,0.0,0.07368976132717944,0.19489531033833693,0.060397993547049354,0.48743635074031816,0.2645460483522644,0.0624106046926367,0.20756239184173703,0.056442641360727935,0.04255705252197262,0.0,0.09782168219431316,0.012388570961979473,0.1362255368472376,0.0,0.0636207566999646,0.027295991670673658,0.0,0.0,0.0,0.015833094419858116,0.0,0.009210251319063237,0.0,0.004085377117571418,0.0,0.0,0.0,0.0,1.0,0.0,0.0,0.3913846298880942,0.6086153701119058,0.0,0.06788954210623425,0.0629773033430041,0.169722138829017,0.030727077074180632,0.668683938647564,0.48264139061384675
0,masters_and_above,35-44,lower_middle_class,14,1760803874,0.0060763428329440395,0.13068399575772402,0.2990375900320174,0.1557929648217028,0.40840910655561175,0.0,0.024351415642103476,0.9756485843578965,0.5338880478860192,0.46285472336483513,0.0032572287491457437,0.4710497530402412,0.02593633491744578,0.002726673919164719,0.15387950753679452,0.004863106065610576,0.3415446245207432,0.16157529024155248,0.018799616180308336,0.09015377995471176,0.0,0.015851829617226296,0.023782000720427764,0.08020129390060622,0.053702927620887325,0.2561541626867184,0.0018586539070733553,0.07249662207410613,0.008103677650132203,0.0,0.014633449176520838,0.0,0.03403809866901735,0.1075455005501652,0.051682438540568545,0.0,0.0,0.0,0.009420658509977812,0.0,0.0,1.0,0.0,0.0,0.3317515253263238,0.6682484746736762,0.023690872456587974,0.0,0.0185079340642114,0.20896138657632235,0.0018586539070733553,0.7469811529958049,0.5272895287825792
0,masters_and_above,35-44,middle_class,14,7045087701,0.021206418761656236,0.14193946029345533,0.19712598763005804,0.2295771057286374,0.410151027586193,0.0,0.00900729951040818,0.9909927004895919,0.6960092348181827,0.2964012873400566,0.007589477841760653,0.5944021096296073,0.006542448008625578,0.011840431026594541,0.1628029366954789,0.018471087305489315,0.20594098733420438,0.08473858769923637,0.11056394924500884,0.05568410268963946,0.025732038789846146,0.0069311122973059495,0.02890917397253846,0.11631726257767987,0.03275035752461245,0.3191994810342532,0.025406702882434424,0.06518584529967088,0.009362669536482467,0.009920244568435927,0.004247623914710441,0.0006265382614574779,0.01743560906737391,0.030496589981343088,0.04252485415582195,0.0,0.0,0.0,0.00781299003448701,0.006154266467661678,0.0,1.0,0.0,0.0,0.3501303979012028,0.6498696020987972,0.010289395686261025,0.006154134176902562,0.04447272316503984,0.16594814523516177,0.015903654539899673,0.7572319471967351,0.6517086430802403
0,masters_and_above,35-44,upper_middle_class,14,17837766678,0.007263038155992187,0.12455072729144484,0.16270535787305246,0.18686876912181574,0.5186121075576948,0.0,0.004663758670114386,0.9953362413298856,0.817310126271627,0.1806120040225363,0.0020778697058367254,0.7979358725189847,0.003764289622804315,0.007335455293368088,0.06323649817615358,0.01059847022403126,0.11712941416465814,0.06115541848326894,0.15486340968945372,0.06823211178679148,0.06323800122305871,0.03819494173787399,0.030678375150793077,0.07222263701816989,0.04647397445905756,0.2373249521881654,0.02331233514299026,0.10970020419727793,0.002090025543723507,0.0139309731137184,0.0,0.0,0.006204991801833007,0.028642418315188146,0.03819850328238496,0.001450844798408457,0.0007194905187222115,0.001043026929091218,0.0,0.0023233646200291444,0.0,1.0,0.0,0.0,0.42909897316014217,0.5709010268398579,0.004210437122301281,0.0059793856442548095,0.07997147461062894,0.08951395378263956,0.01169439032170303,0.8086303585184724,0.6677716997885714
0,masters_and_above,45-54,high_income,14,15527711199,0.005141739949744927,0.07790759497625817,0.07655647550146068,0.09362219552960402,0.7467719940429323,0.0,0.0016540896253695193,0.9983459103746305,0.949755829368449,0.045729745350089314,0.0045144252814615995,0.8740186368145499,0.014705231316686598,0.0,0.0456700681711333,0.007280588075806085,0.05832547562182413,0.06909506785965308,0.26023032514027117,0.06714402931883123,0.05450477859573437,0.03658528573332722,0.03499963092017062,0.031802678557790454,0.08763496593674636,0.122605014003777,0.013266685370427722,0.16200047854844185,0.0030830038881121775,0.00237511295305229,0.0022249638441385338,0.0,0.0008546282726365125,0.031694576534350705,0.01270451932495399,0.0,0.0040416062738236405,0.0,0.0004316093282589909,0.002721039595502075,0.0,1.0,0.0,0.0,0.5377192277724562,0.4622807722275438,0.0009451810258388359,0.004275138373534094,0.08582738511299898,0.07086433279818241,0.005339172846371536,0.8327487898430741,0.7712719171239656
0,masters_and_above,45-54,low_income,14,658254299,0.0,0.053201446694995304,0.007485268242813254,0.1836045281946575,0.7557087568675339,0.0,0.04765006783495386,0.9523499321650462,0.5950624987866582,0.3908895139627489,0.01404798725059295,0.2881051324512504,0.0,0.01404798725059295,0.2716062747658561,0.05467903674108781,0.3715615687912127,0.3078078643888963,0.0,0.05105022641105455,0.07715416378921362,0.03619487489287176,0.0,0.0,0.1469373115328488,0.053201446694995304,0.04809633913230242,0.09754651370685541,0.0,0.0,0.04666461585843741,0.0,0.0,0.07911850492905022,0.0,0.0,0.0,0.0,0.0,0.05622813866347419,0.0,1.0,0.0,0.0,0.6006652438133184,0.39933475618668157,0.0,0.01404798725059295,0.2246292765951233,0.07891493922472659,0.017606905139255308,0.6648008917903019,0.6036141710029302
0,masters_and_above,45-54,lower_middle_class,14,1699676055,0.02120671635866518,0.18842478133281698,0.13209064064857937,0.16545434241585524,0.49282351924408324,0.0,0.0,1.0,0.6205468776813473,0.3320781029653324,0.04737501935332024,0.4921591644120679,0.037865627282723587,0.0338346715133314,0.17832675238811904,0.02635657769503613,0.2314572067087219,0.01418673277714676,0.11168589299212078,0.034219950224573824,0.053351985946522025,0.019657543507606807,0.017128803994358795,0.11993591272896999,0.042321790548493665,0.17218060237955168,0.08132385909266693,0.14209561244892632,0.0,0.0070968658789512685,0.033456348833484036,0.01729290997160044,0.017929034718324605,0.07288353662192411,0.018136759595639537,0.0,0.006229780062413128,0.0,0.0,0.018886077676725288,0.0,1.0,0.0,0.0,0.4168484423345012,0.5831515576654988,0.0,0.0,0.13209480438317994,0.07982100506793337,0.04292958342582522,0.7451546071230615,0.5820136549490897
0,masters_and_above,45-54,middle_class,14,6183980371,0.008056252932760157,0.06284842846892018,0.11039429526675644,0.1646614933926995,0.6540395299388637,0.0,0.0,1.0,0.799409276779543,0.19691148078516435,0.0036792424352926523,0.5692153687141773,0.010864697002447844,0.020888657021903085,0.2186617050631644,0.017172220419391107,0.16319735177891626,0.08772619307526583,0.09329076717407322,0.06189598463070542,0.028114078565855138,0.020487300152848432,0.024066350646571286,0.06904178981586227,0.01800114478403476,0.31052838071823824,0.01999335744657395,0.07008470127629388,0.019496170228060383,0.004840462000877848,0.0,0.0,0.025814034557516873,0.06300869725060128,0.04173000858964079,0.0,0.005945684946288779,0.0036297977440653164,0.019739694125235442,0.012565402271390877,0.0,1.0,0.0,0.0,0.3593083403724795,0.6406916596275205,0.0,0.0,0.06341584618202534,0.15321763818063064,0.004446426629836403,0.7789200890075076,0.7245963310319181
0,masters_and_above,45-54,upper_middle_class,14,14598586090,0.002486536214960253,0.05666761266467279,0.0742756141803867,0.11890728604115113,0.7476629508988292,0.0,0.003892212687564457,0.9961077873124355,0.905384202930025,0.09335982283473317,0.001255974235241846,0.7876593656475125,0.0021745791547405943,0.006665994049016839,0.08409535248355,0.008368497623457177,0.11103621104172287,0.07764579857336033,0.18520357816378094,0.048925531938278276,0.049965573755095076,0.04471201279191826,0.01865927613267923,0.05870355531122535,0.04197840127954474,0.23233882247838974,0.014168343408385516,0.10712707370142309,0.005274104802021961,0.010874865142505043,0.0,0.003593195716120204,0.0034776540472489003,0.03837612050551671,0.04130715017758271,0.0,0.0028047814183900874,0.004605281469419345,0.00395513124654937,0.006303747940565113,0.0,1.0,0.0,0.0,0.43640273898607396,0.563597261013926,0.0,0.011137983568927942,0.06415720030870468,0.09500999003938469,0.010025945670194695,0.819668880412788,0.7771273215815929
0,masters_and_above,55-64,high_income,14,14397058052,0.018266577800140692,0.03165388438068375,0.08061375468572014,0.08095139651382438,0.788514386619631,1.0,0.0,0.0,0.9454563596837818,0.047012870445846004,0.007530769870372125,0.8672787704197277,0.014701847852214244,0.016515901453003325,0.056708856285161834,0.003345058263018526,0.04144956572687438,0.1360391696641052,0.2554222283968047,0.04864271912154404,0.02551261915270077,0.03854299913188959,0.02930130811977919,0.02378372593645495,0.08655209685890625,0.12078167898742595,0.013487786344865397,0.15230917303242947,0.004392729665434289,0.0043317781156919375,0.0,0.0012131365267068384,0.0034949035989342413,0.0254926873028073,0.016866333671987057,0.0,0.001951322895172834,0.0028638391851363216,0.0025191750890357525,0.005559575137566445,0.0009390140646214851,1.0,0.0,0.0,0.571046333515194,0.4289536664848061,0.00015611279692574236,0.0026812551467511442,0.08210131845900262,0.03360021660347473,0.007449211957932029,0.8740118850359138,0.8200196132681399
0,masters_and_above,55-64,low_income,14,1611004514,0.0,0.05481932622319145,0.1221477874766526,0.32426029440659904,0.49877259189355694,1.0,0.0,0.0,0.5417086975337922,0.3894089256412847,0.06888237682492304,0.4264438535272782,0.0,0.11452359965268229,0.2795660186461774,0.0037625108727659343,0.17570401730109617,0.42804666654087353,0.04175653414711661,0.04980779402086765,0.0037625108727659343,0.044461524084841886,0.01752373426310586,0.038497135458678174,0.048614334298507124,0.11015309234571145,0.04274691560547669,0.052439326684593016,0.014118926298675784,0.0,0.0,0.028652899851527046,0.026556611498110304,0.020754200071719974,0.015064711978826894,0.0,0.0,0.0,0.0,0.01704308197860208,0.0,1.0,0.0,0.0,0.3841927850737233,0.6158072149262768,0.023454596602080036,0.0,0.07791193377127931,0.13616922242838608,0.028652899851527046,0.7338113473467276,0.6883017945410922
0,masters_and_above,55-64,lower_middle_class,14,2825271817,0.011474485677779301,0.11695301847128431,0.15349678795171304,0.07314186506112025,0.6449338428381031,1.0,0.0,0.0,0.6979142032053194,0.2811169145641182,0.020968882230562383,0.4452864897565359,0.033944872639488054,0.05220000465533968,0.2727985114077963,0.013583041733927437,0.18218707980691262,0.4377431005251839,0.06656569285418246,0.022954257572590935,0.0,0.013217601143826509,0.021127683942065104,0.04329495741400375,0.0,0.1468162353456131,0.02810165999684412,0.04325758224912064,0.0,0.0010519518802108944,0.0,0.011146020644993395,0.010785788757259246,0.052450696286402664,0.03564991070733496,0.010860724909853868,0.0,0.0,0.030434771791729518,0.024541363978784914,0.0,1.0,0.0,0.0,0.45442965178596123,0.5455703482140387,0.0,0.012262523836303853,0.035521342193036855,0.1237701862510739,0.005569157595854785,0.8228767901237306,0.795118160837832
0,masters_and_above,55-64,middle_class,14,7778561060,0.0006594417605561613,0.0367600247390743,0.08094754610051232,0.07741134720873426,0.804221640191123,1.0,0.0,0.0,0.8611049236913748,0.11624174047429796,0.022653335834327177,0.6244550176482127,0.02118252794174248,0.03530923610182472,0.19204194355196075,0.010487263308825913,0.11652401144743343,0.31166809443287957,0.06885433653714869,0.024800010761887623,0.025944468834702444,0.011196792096660612,0.014074540542335217,0.08909853887551794,0.02306554099351635,0.2196848344853129,0.027555459595505188,0.06851060908172649,0.0,0.0045937687863312855,0.0033746570602866746,0.004225613162442669,0.012041766886895145,0.03557206556144203,0.03527098262567344,0.0,0.006444756377601797,0.0,0.0,0.014023163302133929,0.0,1.0,0.0,0.0,0.40801593411931125,0.5919840658806887,0.0,0.012019764231303727,0.039600627882710224,0.10560911750431126,0.011987258990546512,0.8307832313911283,0.7761979293378459
0,masters_and_above,55-64,upper_middle_class,14,15022025822,0.00896689165603273,0.04896188008962404,0.04697139695810063,0.07975859735544528,0.8153412339407973,1.0,0.0,0.0,0.9255518946477816,0.06880452225599962,0.005643583096218699,0.7419920705818634,0.014572789422276097,0.04228759592928358,0.11068381340184864,0.004489861474024565,0.08597386919070361,0.1667174657183864,0.13967961477785829,0.056960324735088184,0.02427058855577568,0.02916280794554475,0.035128746898249075,0.04466763437573859,0.058864458194778355,0.22271885294593124,0.026225208614875727,0.07657945110940044,0.001914384806733825,0.00999272586658452,0.001535906493131576,0.0030822120497350854,0.0028407107340678622,0.050426296091877404,0.030332141310308022,0.0,0.003446522367454362,0.00053932659256482,0.014458005569523378,0.00045661424639241975,0.0,1.0,0.0,0.0,0.469343004235451,0.530656995764549,0.0,0.0030333491327958124,0.03539888609572382,0.06719922092808663,0.01765274112441211,0.8767158027189816,0.841482943298325
0,masters_and_above,65+,high_income,14,8182202201,0.004085224512774174,0.033752577755441854,0.039330816337033225,0.041143457926138334,0.8816879234686124,1.0,0.0,0.0,0.9312777230155376,0.05088584659385638,0.017836430390606037,0.8479853119679706,0.011928737594393751,0.04889969047099573,0.06072951936329201,0.0019086652488362282,0.028548075354511763,0.4427107289718762,0.0957214397493475,0.05300647164977095,0.017900320402996113,0.016960910472615685,0.03849497436784256,0.024507758922835254,0.07489473322048987,0.08906211030948831,0.014792269125933814,0.08153000532282983,0.004085224512774174,0.0,0.0,0.0035721765708048407,0.0,0.015225529257242564,0.006219038927415038,0.0035949711675916573,0.0008589704614169801,0.004366264621966167,0.009181732760260833,0.0033143692045016476,0.0,1.0,0.0,0.0,0.6712737220462147,0.32872627795378534,0.0,0.0003812473614522448,0.06573696589095085,0.047395193552244995,0.0038748992289783673,0.8826116939663735,0.8681230369901977
0,masters_and_above,65+,low_income,14,2473532130,0.0,0.07274606899890967,0.1312216174851143,0.1387389259423123,0.6572933875736637,1.0,0.0,0.0,0.6481739179996017,0.32454780848146897,0.027278273518929388,0.394907885025128,0.06904024408205282,0.19658526206409133,0.20419618038274684,0.016892152114474455,0.11837827633150656,0.8727587116485122,0.022644649455190218,0.017304103504812773,0.0,0.0,0.00786270805384687,0.025087031313395552,0.0,0.028522750986056528,0.012893090254703908,0.012926954783482032,0.0,0.0,0.0,0.0,0.0,0.0,0.0,0.0,0.0,0.0,0.0,0.0,0.0,1.0,0.0,0.0,0.45565191344411604,0.544348086555884,0.0,0.0,0.04784248102732346,0.061043471466853357,0.01353840267278032,0.8775756448330428,0.8076556745596023
0,masters_and_above,65+,lower_middle_class,14,5809188307,0.002482026100380636,0.04539138018340021,0.06538134502238989,0.10751920147731579,0.7792260472165135,1.0,0.0,0.0,0.8058332817958693,0.18420462265107979,0.009962095553050903,0.4464316412113855,0.011450037162653127,0.19360956205271107,0.20954249968678113,0.012135840546785015,0.12683041933968417,0.7831524673624253,0.011948982772060792,0.017582714934015996,0.0,0.010702051597309324,0.006309951763111266,0.04738783603697011,0.0032725286210970816,0.04193856424079592,0.020735815682691727,0.02138143600033243,0.0,0.0010450702712949602,0.0,0.0,0.011310016568206247,0.0058815733273491905,0.012531859728540214,0.0,0.0,0.0,0.0036405294306807536,0.0011786016631187162,0.0,1.0,0.0,0.0,0.47204530720680593,0.5279546927931941,0.0,0.0013282814383383012,0.05747013478590616,0.08895968863279612,0.004690979283140666,0.8475509158598188,0.8367717089051147
0,masters_and_above,65+,middle_class,14,13364352303,0.007578665595134304,0.0462538797979187,0.057229537104339236,0.07381440227212184,0.8151235152304859,1.0,0.0,0.0,0.899581752443121,0.09097270435822631,0.009445543198652685,0.6341396327974369,0.019446158789278665,0.13103389332282855,0.13885448167835537,0.00426893378044166,0.07225689963165886,0.7387986120946246,0.04662558737396673,0.0030412448039757426,0.0021714390149297157,0.009773066740442093,0.0033829266076629257,0.0186270475632492,0.0172527165381776,0.0746234488876898,0.015593385319034118,0.02615940997915191,0.0017211285274810223,0.006969774508196007,0.0005355119228930731,0.0014969011252052445,0.0028394683213702468,0.012677358106009217,0.0035533740748019548,0.0,0.004636697431725884,0.000860093533857209,0.002112019075826364,0.006548788449729332,0.0,1.0,0.0,0.0,0.535634407990958,0.4643655920090421,0.001783437495481894,0.004682114073418557,0.03601531537685923,0.057439324674767964,0.007364497266201708,0.8927153111132706,0.8664455409784927
0,masters_and_above,65+,upper_middle_class,14,16427919499,0.007495498806619761,0.02307862776068988,0.05902731743109816,0.07217986343749613,0.8382186925640961,1.0,0.0,0.0,0.928861992532217,0.0634876680558051,0.007650339411977904,0.769580632031316,0.01130698771754433,0.09427036278661277,0.07944590683436487,0.00710142565570165,0.03829468497446038,0.671001064722225,0.053525682241961664,0.021656862697778428,0.009138282483618105,0.003247199683639015,0.015451258573275287,0.02004397738983588,0.02041644098757706,0.045538328273737785,0.015472163898506574,0.060409904252355866,0.0,0.0032495204279062557,0.0019158088157125318,0.0,0.005655531913560663,0.03505853921642717,0.014232200006472651,0.0,0.0035939059723048864,0.0,0.000393328443105247,0.0,0.0,1.0,0.0,0.0,0.5948586451007907,0.4051413548992093,0.0,0.005810737689931506,0.03258444089847071,0.03655889572849191,0.0037702836323108527,0.921275642050795,0.8827475253261832
0,some_college,18-24,high_income,14,9352687208,0.005495885391744195,0.04348108794359671,0.061314506007373364,0.05579084913196639,0.8339176715253194,0.0,0.5164286982535427,0.4835713017464574,0.9580481838776362,0.04195181612236379,0.0,0.004933856866348438,0.0,0.0,0.002434776390310775,0.014119710951847327,0.9785116557914935,0.5008278178054941,0.010660493907538792,0.01962362911517141,0.0030215389835584034,0.012217824830307315,0.003289183345475997,0.01120128661101696,0.0,0.044326412910012505,0.02373793136266725,0.020184383568235334,0.0021559451900361255,0.010728099931982671,0.07184010061036566,0.017485516233250682,0.039365222829763645,0.07669124916168157,0.07285474279703934,0.0,0.00984051983704489,0.0,0.02659417485781483,0.02335392611154242,0.0,1.0,0.0,0.0,0.5450135229199039,0.4549864770800961,0.0,0.018704360480522125,0.08169982444686073,0.0372055579601075,0.027249225739315455,0.8351410313731942,0.3390979083837228
0,some_college,18-24,low_income,14,15408022718,0.010572720197880487,0.5467547318163294,0.24024230420400655,0.09107290991729183,0.11135733386449177,0.0,0.36596103524774154,0.6340389647522585,0.11584550955488798,0.8477780552426104,0.036376435202501625,0.03482291627031336,0.002519990248628085,0.0,0.013462819843695404,0.012317047195049443,0.9368772264423137,0.40649385243202624,0.007176132656582185,0.004801795295483806,0.004028242957319347,0.006284585165290383,0.0,0.001946018677982066,0.003126781410032446,0.02847580283532653,0.01751242998134837,0.012100366634467211,0.01653285445266177,0.004269697754478609,0.10342181519101781,0.015567738728719598,0.03906651379068923,0.12742755796344354,0.11319469096852353,0.008254540918570833,0.010158093797275773,0.014105247699700335,0.018638365561631048,0.03741687512742931,0.0,1.0,0.0,0.0,0.4727061501208256,0.5272938498791744,0.0008000004429900011,0.015408394921604632,0.02944432937978486,0.17954833781288043,0.050099595783838456,0.7246993416589016,0.2043233118628635
0,some_college,18-24,lower_middle_class,14,16438995762,0.009354462962723646,0.31298470341439094,0.18502919801409703,0.12963637267467287,0.3629952629341155,0.0,0.24442170386636541,0.7555782961336346,0.3983179071763058,0.5815101089141579,0.020171983909536336,0.06946352542042829,0.008039679425278995,0.0,0.0048005616123109746,0.005790607308266547,0.9119056262337152,0.3026731839971381,0.026404829363323,0.011245198166381764,0.00977131865751253,0.002884847328060282,0.0054946222572059816,0.0018497841620162588,0.0,0.02382854346282421,0.016523578564810876,0.013159063493406599,0.029197788839967705,0.004772902866814426,0.12161476016809743,0.02677980841248422,0.03313676485392113,0.15699405908758576,0.10775343242648863,0.0040137275996214835,0.021995607045281505,0.014451746593253973,0.03338473109583858,0.03206970155796552,0.0,1.0,0.0,0.0,0.42875999459120734,0.5712400054087927,0.008465595405875864,0.01318265933865261,0.04826524950107229,0.19391895710374962,0.03649684419208137,0.6996706944585682,0.24013308921978418
0,some_college,18-24,middle_class,14,19223713383,0.020726854643617218,0.1839214388270408,0.1303480740727188,0.11018157589017566,0.5548220565664476,0.0,0.2960239177843968,0.7039760822156033,0.641357920676402,0.3500455593012937,0.008596520022304372,0.08378901437556874,0.0018025617272593936,0.0,0.005931878858579006,0.011159668463935504,0.8973168765746574,0.3345542385524444,0.02237477829753596,0.01143672346854819,0.006454840411308478,0.0040468625103824455,0.0,0.00287845927046196,0.0009116792708477721,0.025065570860316442,0.01013182147067595,0.01579062894624931,0.01407983866630873,0.01223163648538049,0.12179980263701791,0.010768682869724202,0.03468119981384972,0.14128134470636577,0.11478102940045275,0.006564787171223713,0.016921882495796677,0.02113277746635867,0.03350033056409932,0.03861108466465113,0.0,1.0,0.0,0.0,0.502084019653322,0.49791598034667806,0.006526075555773906,0.008098148203648755,0.05065079319488104,0.16024160840455035,0.022001636602324078,0.7524817380388219,0.2798407052176138
0,some_college,18-24,upper_middle_class,14,18573244991,0.0021618787142180544,0.09135779799503103,0.07089674764092493,0.09966094507970731,0.7359226305701186,0.0,0.3536034674706779,0.646396532529322,0.884822706638684,0.10763655096181249,0.007540742399503516,0.02069023959928446,0.0028771047830303182,0.00183097369449866,0.0030091923100719732,0.005430262619637676,0.9661622269934769,0.36118611164880854,0.01972297647382064,0.004954297918569894,0.009328947207876736,0.00617891025804108,0.0027829072423825865,0.004781602140230984,0.0018580439775990891,0.0359201053086459,0.02115483498927589,0.0071204095495474105,0.01889683456876122,0.015263133563217854,0.11458573189721406,0.006788862584922547,0.058719901531933655,0.12316432982542787,0.09635785361509099,0.003679143091749034,0.008285421318383987,0.013413305005168442,0.032347207517648364,0.033509128765683224,0.0,1.0,0.0,0.0,0.46092527063247846,0.5390747293675215,0.0007519642909339578,0.016197698579100167,0.06738553330914818,0.0827124826999489,0.028744371500978926,0.8042079496198898,0.288791582440178
0,some_college,25-34,high_income,14,2342225601,0.005722894068904851,0.18042715262764306,0.20275417483151317,0.15781734681842033,0.4532784316535186,0.0,0.02056443281101341,0.9794355671889866,0.8135971518654748,0.1864028481345252,0.0,0.2782050882382102,0.0,0.0,0.054833334989237016,0.0,0.6669615767725527,0.10088672239732725,0.1262588799617514,0.0,0.020689325989482258,0.0,0.0,0.0,0.009980077064318622,0.0,0.05350083482415151,0.044709031852137114,0.03636357273340212,0.019336542978893007,0.12198300833105787,0.010693592448697687,0.029155800778048108,0.10446473213149718,0.09654908088420301,0.0,0.0643586821592426,0.05177139381801164,0.08794358191288508,0.02135513973489354,0.0,1.0,0.0,0.0,0.6569032753903368,0.34309672460966323,0.0,0.0,0.030315944360647436,0.11766717897811928,0.016981152448773018,0.8350357242124603,0.33186932021754467
0,some_college,25-34,low_income,14,8484563741,0.02280699478570869,0.34055356765573036,0.26144221102151305,0.16697086948079537,0.20822635705625256,0.0,0.1006793759910301,0.8993206240089698,0.20052007303318106,0.7777617609390767,0.021718166027742264,0.18265768969487903,0.02183028469748637,0.0075020022175586835,0.07572843962443632,0.060686162626354886,0.6515954211392847,0.27034637926235366,0.01174362855199157,0.004740332588421295,0.009369240001800111,0.0,0.0081541742288621,0.006307979129365586,0.005869427294105114,0.016460195982161342,0.007310274622639552,0.033997801042626404,0.046465507601164475,0.013632808301156943,0.08932468894513548,0.02692156508839881,0.06403705017554184,0.1285417260441794,0.10753712139505511,0.0007367422994058688,0.036200359072769445,0.006654526352034391,0.06292710518750524,0.042721366833326266,0.0,1.0,0.0,0.0,0.3640878016004995,0.6359121983995005,0.0107139101991455,0.02273641555284769,0.016550921683976774,0.28587240853400997,0.03490861499086238,0.6292177290391576,0.26902345266970396
0,some_college,25-34,lower_middle_class,14,15135807656,0.010871551141492651,0.26030528806556075,0.3573179283799958,0.13783494574027508,0.23367028667267573,0.0,0.06635439190467472,0.9336456080953253,0.30972130688656524,0.663784763016415,0.026493930097019728,0.3109900222030147,0.02383980367621553,0.0054606320243000845,0.05881556519695245,0.029425796040916604,0.5714681808586006,0.2080695928870094,0.04091329052761319,0.014590205757038592,0.01031340689230545,0.002637475971371448,0.0020189143317956024,0.008672071090171892,0.003491897769924991,0.01657010512422701,0.00846592820893865,0.03898981761743392,0.0420859540156408,0.025332116244752047,0.08283984069412781,0.038627197787376534,0.04243807424081341,0.08799883780711279,0.13126954069163152,0.004166851312688219,0.039845855187048765,0.02702249653905089,0.059538304098544104,0.06230923122402025,0.0017929939793627093,1.0,0.0,0.0,0.45804300613266197,0.541956993867338,0.006816367738334848,0.014368700365572352,0.0257994307191928,0.19738932687980243,0.027294856963660664,0.7283313173334369,0.26639247601707233
0,some_college,25-34,middle_class,14,19235306216,0.0163171670092221,0.2060457012482218,0.2750871803433316,0.1802715034562671,0.32227844794295735,0.0,0.03225639919804851,0.9677436008019514,0.5411806664320794,0.4500060519338082,0.008813281634112354,0.48454229120861736,0.013040301681880955,0.001369224888039079,0.0723629362262085,0.013500559236431134,0.415184686758823,0.1462951674072793,0.04991206748772249,0.028308398675091828,0.018260098074645594,0.00885229484199026,0.00040582712395328366,0.006524773434363297,0.0,0.013313340641647105,0.012316812497787584,0.029959708284791674,0.026656784001363672,0.03897800641075066,0.06834063051757137,0.011598606879178366,0.0582063737601795,0.13326447571017966,0.15051192460829188,0.0051611328088669505,0.03555414929818656,0.04426302916310173,0.056522174369942974,0.05540417262052908,0.0013900513825851745,1.0,0.0,0.0,0.5029929968545087,0.4970070031454913,0.006999924799117635,0.018506935060066215,0.021992219736440926,0.13353176763380517,0.03466891332591822,0.7843002394446519,0.2945729994819023
0,some_college,25-34,upper_middle_class,14,11677391003,0.021584493054591262,0.1975801981287823,0.21796667837414196,0.16766417656966418,0.39520445387282027,0.0,0.05559817563985016,0.9444018243601499,0.7526511443987828,0.23568196639925426,0.01166688920196295,0.4983107085739501,0.012730062302599083,0.003763569618308515,0.04191886825355453,0.014999130966412156,0.4282776602851756,0.13885843195482833,0.08024067471572015,0.04162066345771397,0.02732189235746532,0.00558910830195141,0.0025799149820589424,0.005178575332834558,0.0,0.026413485419881852,0.010220051890815323,0.03744530630923158,0.031094940634146376,0.031586118843262304,0.03707574405008557,0.012467914276621915,0.038387942981855806,0.0960468655808356,0.16397949606278162,0.0,0.07027843829063912,0.06201669797765185,0.029154466174211056,0.052443270405407354,0.0,1.0,0.0,0.0,0.5306886303120221,0.4693113696879779,0.0,0.007389864052495151,0.058568586581051726,0.09718492338814769,0.026121722302664595,0.8107349036756408,0.38424517898281085
0,some_college,35-44,high_income,14,2388070136,0.0,0.13604680453153994,0.13874364827281604,0.07367469210711658,0.6515348550885275,0.0,0.013260355515789591,0.9867396444842104,0.8712088701401524,0.11900735146582814,0.009783778394019496,0.8184999466866579,0.005273986643079063,0.0,0.087274005423097,0.02899268156167755,0.05995937968548843,0.1516280964873638,0.28553973717964537,0.08428205895875748,0.020972138232040603,0.0,0.0,0.0,0.0,0.0032826456316440446,0.0414025976496697,0.0017746509770012885,0.02777139414803184,0.037957817332715055,0.01366705002000829,0.03884621795714295,0.0,0.08873301114804444,0.12589759130926964,0.0,0.0,0.013976442105635041,0.01563760939724762,0.04863094146578281,0.0,1.0,0.0,0.0,0.5368690524087689,0.463130947591231,0.0035475092930855193,0.0107934597947671,0.034760744983412833,0.016408573772307332,0.05684196077564449,0.8776477513807828,0.44465231108270936
0,some_college,35-44,low_income,14,6083627933,0.004184298132684637,0.20757747151990402,0.23375012141788717,0.20973959388255706,0.34474851504696713,0.0,0.051172326189002,0.948827673810998,0.29253601051870903,0.6706018541781852,0.03686213530310582,0.21882981383174605,0.02832969831457311,0.027146295897579838,0.2692931952845644,0.08693930017169575,0.36946169649984084,0.4685842088627283,0.008458365233165222,0.009973549938988354,0.010740714211918917,0.005077390882576185,0.005498247981037403,0.004775191599476141,0.0,0.009507510097100475,0.002388328175229976,0.008670702676254544,0.025716917556930417,0.02295737239984824,0.06468581565703058,0.03194752738669825,0.03250827058755962,0.04747554899491911,0.07978719743313402,0.0,0.0310946193756981,0.015478338753955484,0.047095629968730374,0.06757855222702029,0.0,1.0,0.0,0.0,0.37029661902566585,0.6297033809743342,0.0,0.020624922559674887,0.03894708496467152,0.2908585312066289,0.02794183731682856,0.6216276239521961,0.3127405794623897
0,some_college,35-44,lower_middle_class,14,11847393083,0.01764524427740725,0.1841698565848117,0.1833024796920212,0.18852383603316963,0.42635858341259025,0.0,0.017187580303399307,0.9828124196966007,0.4391311657807007,0.5430063122689082,0.017862521950391168,0.38273733556680367,0.021613135244699808,0.011554204206866528,0.23055617171337506,0.059824658052159946,0.29371449521609494,0.1827867572071509,0.06248978284195924,0.026550145487394393,0.00990228796986055,0.009436680054148246,0.0,0.011308287237657446,0.002040382625160509,0.01234005523204771,0.005708517352821255,0.04452315486660889,0.036448322848308415,0.032306001186809784,0.04754604637945902,0.04341345875811522,0.04805965253377252,0.0870278670401739,0.17102240102992622,0.000718577406890957,0.033523898060739306,0.027003916537475792,0.04548830913471599,0.06035549820880371,0.0,1.0,0.0,0.0,0.4401804425214073,0.5598195574785927,0.006568858182959303,0.0315951294413551,0.01760030392670985,0.22285676743422694,0.018966700895780515,0.7024122401189683,0.42418112033533173
0,some_college,35-44,middle_class,14,17029833206,0.020682016713816545,0.1488133830992026,0.21623534343851283,0.15197720639378529,0.46229205035468274,0.0,0.02150986868567455,0.9784901313143255,0.6383776202910627,0.35092076356299695,0.010701616145940307,0.5863881275408893,0.007700112585588879,0.008301046832930443,0.1376933171121042,0.0350406702039663,0.2248767257245209,0.15645135044900452,0.09267217100188432,0.03145428592989826,0.010966288438703103,0.022734497062695425,0.0010558446922231117,0.00782822969475888,0.0020120288663736195,0.02482602089438221,0.02337444977791992,0.02184017473928981,0.03271284534975498,0.02757839840935903,0.039397192320334465,0.01321455109265032,0.028353289733329876,0.08402484027241389,0.1673436619447299,0.003052226723024312,0.05289819930136549,0.03906204118109787,0.07111605030713417,0.04603136181767252,0.0,1.0,0.0,0.0,0.47882285770873334,0.5211771422912667,0.0031864484134161283,0.012719111419346452,0.02893202840215768,0.14244660001398723,0.02989810374775787,0.7828177080033346,0.43182022983108714
0,some_college,35-44,upper_middle_class,14,13642806393,0.014271736649425895,0.1114605563691224,0.13533562529681206,0.1854181766661973,0.5535139050184423,0.0,0.007885007666398833,0.9921149923336011,0.7800405128859912,0.21742154843756714,0.0025379386764416427,0.733381280491796,0.014400495494886116,0.004559213053988253,0.11284610743944316,0.01815489745035774,0.11665800606952878,0.10490453479823122,0.12010255095613744,0.05177273030587087,0.03945959757049819,0.018662507087298223,0.00208447259169428,0.011588825674541697,0.0023181607280029367,0.009913387107024675,0.019676913185379393,0.045445594780126705,0.01938576583009346,0.042450629534488915,0.01287881510142603,0.014593591103231893,0.021116245272513264,0.10090078370578545,0.1474245079833407,0.007487925948462882,0.04874953531124262,0.03965719452543139,0.0745641789303665,0.04486155196881126,0.0,1.0,0.0,0.0,0.5703255078069772,0.4296744921930228,0.004435136016519735,0.017887444120383626,0.024430656523207323,0.12226732484130767,0.029723310169384443,0.8012561283291972,0.48710154271555967
0,some_college,45-54,high_income,14,5333377131,0.010573382608221184,0.06326624626613152,0.047241006553901614,0.09079227422066959,0.7881270903510761,0.0,0.005709685486705928,0.9942903145132941,0.9290680443726529,0.06673547065164404,0.004196484975703099,0.8081654936694557,0.01302831007320341,0.006678169970950813,0.12507511293785536,0.00737970877237033,0.039673204576164446,0.09405370925006128,0.21051327281434656,0.09012231353492861,0.043127171274474047,0.012538518157905229,0.005268612421325508,0.006411114414027737,0.0042407233624147025,0.012885436246492203,0.032724287578605134,0.031619891272976625,0.002758999717921879,0.03160982485564267,0.016521481574560716,0.016444268021143245,0.018487843364174802,0.10483472765316434,0.14882245836067054,0.0,0.028254747657746312,0.04498102517550995,0.02865233739271456,0.015127235899193344,0.0,1.0,0.0,0.0,0.45553950458111714,0.5444604954188829,0.005538234269674038,0.003350825107814788,0.01669027500091855,0.1022079471619499,0.008577808558500004,0.8636349099011427,0.612173428543544
0,some_college,45-54,low_income,14,6867557452,0.02710120800602805,0.14782658857908015,0.1599648110231783,0.2033241631773101,0.4617832292144034,0.0,0.006933153065378971,0.993066846934621,0.3960819958204843,0.5829954890051934,0.02092251517432227,0.22537111889020423,0.02933075338763107,0.049572966280879684,0.36379034517904457,0.0656087539346005,0.26632606232763995,0.48305567404228833,0.022407218589075736,0.011195937935343828,0.003386883933999887,0.00454901167094015,0.0,0.009292370023262822,0.0,0.005237795715786027,0.004279870420514685,0.014096544029902059,0.031186159198075245,0.006562047469566622,0.04419801466846178,0.05594483303348417,0.04563092747170803,0.057157922994249453,0.09659254948159406,0.003355835777287648,0.029349404997158223,0.017729110655571114,0.019047415462378866,0.03574447242935129,0.0,1.0,0.0,0.0,0.3712660503855658,0.6287339496144342,0.0,0.029663283259563186,0.014109099294361462,0.3063062201812942,0.04257064306245574,0.6073507542023254,0.4131422433420947
0,some_college,45-54,lower_middle_class,14,9419751394,0.02197913727658193,0.12478978826858836,0.16583176823488044,0.13687079892800832,0.5505285072919409,0.0,0.00862901000251175,0.9913709899974883,0.5619017064899834,0.4209024963785578,0.017195797131458777,0.4295007649115883,0.019688930869039025,0.031140524068060133,0.2825848214736866,0.04687396466548404,0.19021099401214198,0.25385299451991034,0.0412637467531874,0.02048484720338894,0.003676880158648484,0.004234375869559175,0.0,0.01141706596083867,0.010671731216179483,0.03846381808237348,0.013708617202174964,0.01579785907033461,0.04220797952833956,0.004842218556750161,0.044224112779170016,0.014788220853549206,0.057620671214924424,0.0697357529433754,0.1438400581211772,0.0,0.03568886905169633,0.025569818981997647,0.0826887988250022,0.06522156310742228,0.0,1.0,0.0,0.0,0.4043761025823098,0.5956238974176902,0.009783693979302061,0.01784156024617055,0.032521518900714204,0.20263754457637018,0.024822759563371977,0.7123929227340711,0.45435771263837665
0,some_college,45-54,middle_class,14,16409774443,0.0195695591134092,0.09793084253425043,0.10977841525228574,0.1273599229690521,0.6453612601310025,0.0,0.00656620207512745,0.9934337979248725,0.7646044892074816,0.22919398222468304,0.006201528567835416,0.608393789730532,0.01285603453800014,0.020063995098997107,0.17259688003866366,0.046485467344458124,0.13960383324934894,0.14301982285936532,0.08021783087710416,0.03878762296281978,0.017920533400472408,0.01045612738895341,0.0025183087155489915,0.005450223359904351,0.0071377008506027274,0.02227519538855858,0.02211282039618709,0.026921909105731393,0.012111610411853118,0.02472243639967014,0.034354599202945306,0.037901274826194147,0.038500633094899386,0.09594589617723974,0.18151549957900906,0.007994034558833211,0.038104326916372104,0.04460798029507687,0.05074826286568721,0.05667535036697152,0.0,1.0,0.0,0.0,0.5012127752620322,0.4987872247379677,0.004854617123270839,0.021323393396748592,0.0203023725376138,0.13260598715470107,0.007804290573575192,0.8131093392140905,0.5609864217193372
0,some_college,45-54,upper_middle_class,14,14839015715,0.010540059192868103,0.060590206403727094,0.0996695192865762,0.14096185812955048,0.6882383569872781,0.0,0.002954998622696721,0.9970450013773032,0.8627890323654125,0.1346715123416122,0.0025394552929752724,0.7697677872565013,0.016723929791996987,0.009347516146895597,0.12638961256063339,0.02041368624563115,0.05735746799834156,0.11696135332248349,0.15008169428304968,0.03470637183026934,0.02311922533064047,0.014620107840488259,0.0023520137501249353,0.0149033785830181,0.010543765099045184,0.025491822858413893,0.008383118556458784,0.021211506480300266,0.012420201348914065,0.0556655383931575,0.024365014428451934,0.026311883719168903,0.021293887752985644,0.0956567778660109,0.18705944021570842,0.00016019047662286273,0.034763920862927664,0.03235142459716709,0.03807240499306931,0.049504957411523304,0.0,1.0,0.0,0.0,0.49095316973319886,0.5090468302668012,0.000706385733482593,0.009246268528532251,0.03599679239237196,0.08572399513763841,0.022615792748353458,0.8457107654596213,0.6089805934274529
0,some_college,55-64,high_income,14,4721120689,0.004442548153633952,0.04023775211733419,0.07889180038710085,0.11050918486697471,0.7659187144749563,1.0,0.0,0.0,0.9763121048227877,0.023687895177212235,0.0,0.8601843249764887,0.012696780690157866,0.004058816806917684,0.065961965498061,0.007891969609421692,0.0492061424189531,0.19745038612801283,0.24278340875093862,0.02841280128943554,0.02451413522845444,0.007228998631515391,0.0029031117615642044,0.0013795133463066613,0.011276542267610731,0.017817989528629903,0.02460458155002273,0.021952110701485183,0.007870032656985524,0.04614531174930529,0.007878437229249998,0.017075498660271592,0.01239093762976666,0.09665005282816654,0.13545333430894632,0.0,0.016277567565483604,0.022847551271316376,0.02145408996554462,0.035633606950987225,0.0,1.0,0.0,0.0,0.4753621455238337,0.5246378544761663,0.0013196667508450556,0.0059901226558116485,0.03624999619237652,0.08548569642380519,0.025029440207983634,0.8459250777691779,0.7816881592539182
0,some_college,55-64,low_income,14,7998199140,0.02598521671717216,0.08573281347430917,0.1343815531704803,0.17068744789967807,0.5832129687383603,1.0,0.0,0.0,0.48420554354939455,0.49955679723173285,0.016237659218872613,0.25737169654918096,0.027774984482319354,0.07389550805808018,0.35751176107875704,0.049216234943607565,0.23422981488805492,0.6385065122297018,0.01602263118945048,0.0015937470144060453,0.009592309425794067,0.0,0.0,0.01152342625967675,0.0,0.011766511605011125,0.017189282061311616,0.0033283554877829662,0.009874292402276946,0.0017601063381375123,0.012107524494570162,0.03715770710355181,0.05458396938588853,0.06605458663286046,0.048085724207161964,0.005149468809049933,0.01168270636482302,0.0,0.019028105994370128,0.024993032994174737,0.0,1.0,0.0,0.0,0.44062185991032976,0.5593781400896702,0.0,0.00933193943955739,0.02513142377197675,0.2288866757323574,0.01965993734934687,0.7169900237067616,0.5528869813811612
0,some_college,55-64,lower_middle_class,14,11986938111,0.012084790432601576,0.06906438002214192,0.09999782896184504,0.12519850416369602,0.6936544964197154,1.0,0.0,0.0,0.7032518511348806,0.2531028383483409,0.04364531051677839,0.4944356500482144,0.00547988255146836,0.08919242104194093,0.2384035427176821,0.02148216630598069,0.15100633733471355,0.43466454183313835,0.048175019896872145,0.01036928637230035,0.006298390573212162,0.002899816256505239,0.0,0.0062962910378873815,0.00024108950703165936,0.015027814386952915,0.009395921540351064,0.018226348294858565,0.01715774037502245,0.011514950667288049,0.018770251078006922,0.04074769607359325,0.021868669928265052,0.07993648512464568,0.1160003235291585,0.0026451475519760443,0.04244248575314931,0.018675285208536438,0.03459320371559062,0.04405324129565784,0.0,1.0,0.0,0.0,0.46364707346740053,0.5363529265325995,0.0038615153904501542,0.010433877095371616,0.02467185491919822,0.1460196319353467,0.013715937587858627,0.8012971830717747,0.5652310942343531
0,some_college,55-64,middle_class,14,16639919903,0.0036747347557229406,0.039816490275325814,0.0831028474332194,0.11417900621369355,0.7592269213220383,1.0,0.0,0.0,0.8488200728931117,0.1455268605327493,0.005653066574139025,0.6716262307840268,0.009438994413169201,0.049637748607857586,0.18208437478438505,0.01633451444384636,0.07087813696671494,0.3081675507990575,0.06515343807661837,0.02845488907158954,0.00711961768389529,0.011857922943753247,0.00443009169693838,0.009552324045222299,0.005402528649419305,0.017340282806768748,0.018731257050330286,0.027710920646731432,0.011681958094338791,0.013651354172627113,0.017514724091157185,0.017995275803341707,0.03030119188909656,0.08883541384916725,0.1637932660666606,0.0014540152922032968,0.01907640895211105,0.03397348192151331,0.041387089361880805,0.05641499703557798,0.0,1.0,0.0,0.0,0.46244175998783954,0.5375582400121605,0.0024041354906274275,0.014189784829278573,0.019731111983345945,0.11579859033171212,0.009399927638581974,0.838476449726454,0.6823367047549904
0,some_college,55-64,upper_middle_class,14,13729613763,0.010767431593625377,0.049801525068582514,0.04036850799791869,0.07301094184465734,0.8260515934952161,1.0,0.0,0.0,0.8941217226432475,0.09445968148754542,0.011418595869207045,0.8144590807160931,0.006452486612459704,0.015111170611303962,0.10521369922968313,0.010634760345078762,0.048128802485381324,0.2001861956529971,0.1576441144930699,0.030219460660875986,0.020085677045276397,0.013058503399648766,0.0023191385096213066,0.005214937815144713,0.005225848755728031,0.0352098543589598,0.017562494776787698,0.02899077096201049,0.014986083479965408,0.02589908697637702,0.002920028683402665,0.02411043869945462,0.02326489838052118,0.08397914004742275,0.14272405209830374,0.0002704842294987144,0.03037483152831792,0.03820828714160238,0.04927316737948646,0.04827250492552694,0.0,1.0,0.0,0.0,0.5265578755378131,0.47344212446218686,0.0,0.00889163876765351,0.04478344348309254,0.06498184584072775,0.009889877118460932,0.8714531947900652,0.7169642877738978
0,some_college,65+,high_income,14,2797384945,0.01094483047630758,0.058737712624674185,0.06930570115011468,0.06771715181301227,0.7932946039358912,1.0,0.0,0.0,0.9596659457963873,0.012589441457796936,0.027744612745815717,0.7729385763888852,0.01219077054838443,0.13786017211871426,0.07349234625983876,0.0,0.0035181346841773324,0.5813874411195846,0.1042216251006527,0.010882355342053219,0.02566158158830014,0.0,0.0,0.0,0.010609661016817977,0.018414417755436945,0.006166217141774172,0.007864065344070836,0.009722598975379844,0.0,0.0,0.0,0.007249030218828178,0.11913869472833671,0.07035439664883161,0.0,0.010758121814371887,0.004746081165457906,0.0008615446380762587,0.011962167402026967,0.0,1.0,0.0,0.0,0.5130850462913319,0.48691495370866805,0.002116979649363202,0.01808398664989598,0.014963576991725035,0.023770337407031408,0.0,0.9410651193019843,0.8004785540875927
0,some_college,65+,low_income,14,10522444811,0.015276967842297767,0.05886176731024719,0.0852919131551813,0.1186845035000298,0.721884848192244,1.0,0.0,0.0,0.6206908967745215,0.3692512310388396,0.010057872186638927,0.31479890904604335,0.024639985921233832,0.31237857570550864,0.25833580197620104,0.021851443949569033,0.0679952834014441,0.8974129665311675,0.009854382879879948,0.003745792418772896,0.0002803788523476818,0.0,0.0,0.0,0.0,0.005049206335058059,0.012637130285633959,0.0,0.0026944565174018284,0.004738324210346861,0.0039267725079256775,0.0063134245123863545,0.007381298015343899,0.010395629149382479,0.018488338546250038,0.0,0.005189484191251417,0.003980396452753607,0.005753596819696354,0.0021584217744014546,0.0,1.0,0.0,0.0,0.37911426057846775,0.6208857394215322,0.0009643641931380808,0.010845114424425751,0.027537517297984523,0.1454995613186305,0.009949580052969689,0.8052038627128515,0.6100681015964323
0,some_college,65+,lower_middle_class,14,18992820948,0.007798841857433384,0.04798821025562169,0.05311146131276633,0.07386873486783108,0.8172327517063476,1.0,0.0,0.0,0.8224816322845903,0.16553254777727291,0.011985819938136764,0.5047123495369668,0.016838109929829894,0.2740977422075995,0.1668963025386596,0.0055543419426122,0.03190115384433202,0.8383675847624276,0.014153852065261938,0.003436443968944639,0.0,0.0,0.0,0.004231913427713529,0.001439626060544695,0.002550497745049347,0.002002244590422703,0.0,0.0037834107527648137,0.0047247892898948,0.009372742916251495,0.007410745848937279,0.01887052907944889,0.02697081099234717,0.029669773834167565,0.0031844886636689415,0.002877351508215777,0.006161790779811652,0.004278184700548992,0.016513219013578204,0.0,1.0,0.0,0.0,0.4396755246555068,0.5603244753444933,0.0005813904122106085,0.0036579518750907776,0.02225149577080086,0.0950914042703163,0.012759670070259854,0.8656580876013216,0.7362881591042734
0,some_college,65+,middle_class,14,19624412325,0.0038395408612573573,0.04334923135080428,0.04779751854301706,0.06507989420773648,0.8399338150371848,1.0,0.0,0.0,0.9114066536002626,0.08115037860120991,0.0074429677985274395,0.6613482675079291,0.006709805971221612,0.19547805990159758,0.11073852266299648,0.002046894619556461,0.023678449336698798,0.7843500925829635,0.02309395387206837,0.011283997264870962,0.0,0.002800662006575527,0.0,0.005527595079207041,0.0003089783224884417,0.0064523524528014116,0.0046626343497396935,0.0,0.000747240312583475,0.01092974680962835,0.0033632748286642005,0.009302009098506852,0.010361586305489532,0.026608615246775293,0.058265679810618226,0.0016768802272910865,0.004109139609611214,0.006199151749630801,0.007272070196884227,0.022684339873601793,0.0,1.0,0.0,0.0,0.4773440407214844,0.5226559592785156,0.0002548388159185297,0.002997484868632875,0.028274387014032534,0.049282473532618255,0.009501807234372814,0.909689008534425,0.7781813394506324
0,some_college,65+,upper_middle_class,14,8686356409,0.0037058352759561514,0.05006998890229396,0.056271524674437294,0.058108607940266246,0.8318440432070463,1.0,0.0,0.0,0.9553625714001025,0.044637428599897555,0.0,0.7578303021482664,0.009365343323434427,0.13174096596063353,0.08218662329585284,0.007189211570376861,0.011687553701435968,0.6962508651767664,0.05009085944817809,0.009795856973107538,0.010140706741981441,0.0030163906206810125,0.0012761546358510695,0.004832652728422026,0.0,0.004684233191012276,0.01004285155852163,0.019197133429527,0.0026994507128103727,0.012941327376750055,0.009081893867290887,0.006563083681545952,0.00703100737804414,0.046303187212450934,0.054020949049915966,0.0,0.023428612460472207,0.008553493950929593,0.0012761546358510695,0.01877313516989031,0.0,1.0,0.0,0.0,0.5223637655828542,0.4776362344171457,0.004245608890948743,0.005256644541166904,0.02054222882394279,0.039799545600247774,0.007210048845694331,0.9229459232979994,0.8253404631856845
